,ABMAG,DEC,DITHER,IDX,RA,SOURCE,THETA,VEL
0,20.9249770543,-21.6098783031,1,0,8.27566263348,0,279.972867807,0.612411481629
4,24.4402981791,-21.6901563392,1,4,7.90038429258,1,85.5148392126,4.87964958737
8,21.5798900911,-21.468597691,1,8,8.20692838695,2,296.740271758,10.6312077921
12,23.2024363603,-21.3375330851,1,12,8.26440216839,3,347.669711295,0.0106654753368
16,20.0874497749,-21.4898986435,1,16,8.13925607025,4,350.136401006,0.119395887999
20,25.5124820486,-21.45715217,1,20,8.00195238932,5,163.24172907,21.3650697875
24,25.4042891247,-21.6936179841,1,24,7.98902116379,6,219.255286594,0.608371732038
28,20.2005285658,-21.4563169475,1,28,8.27026580118,7,279.189545258,0.127853770076
32,25.7416960177,-21.2291093697,1,32,7.97454513034,8,230.980804113,0.749658661159
36,20.8232559281,-21.2746037171,1,36,7.93416968293,9,259.926562626,0.0587936283848
40,21.7029701177,-21.3349874375,1,40,8.2328154398,10,12.6131486765,6.37137946091
44,23.6364991062,-21.6456287428,1,44,8.36669566102,11,107.44180952,0.154903358264
48,25.6653508163,-21.2530420562,1,48,7.89198934421,12,21.0644970775,0.747793818853
52,25.1164132467,-21.2714230552,1,52,8.14609627405,13,308.541939331,0.0104815102793
56,20.0135554011,-21.6174224689,1,56,8.29627716921,14,134.227450035,2.19095162936
60,23.1273561633,-21.3838340525,1,60,8.19626253366,15,244.745262568,0.0537377929937
64,23.3122257996,-21.6893773987,1,64,8.25086262548,16,92.2607817576,17.4829947619
68,22.912264482,-21.6416277979,1,68,8.03593552396,17,125.129237455,0.200121787277
72,24.6088049244,-21.5418110193,1,72,8.3489769914,18,3.38859722915,4.13287077781
76,20.9643005188,-21.6209675612,1,76,8.24722611658,19,129.000161774,4.50325814943
80,24.587362702,-21.3205831118,1,80,8.16149229464,20,341.673905404,10.6373183817
84,20.1248587877,-21.2908618054,1,84,7.96108512925,21,78.4436432874,0.0241473745384
88,20.8112610702,-21.5276855707,1,88,8.07666936259,22,114.980891897,0.110523900549
92,20.6976381044,-21.5406054257,1,92,8.22707529889,23,330.39805896,0.448027769144
96,21.8593855069,-21.644159891,1,96,8.11096330813,24,11.4853199184,2.18717014589
100,24.0287158713,-21.6580227467,1,100,8.10700856964,25,23.4304333353,0.0786466310284
104,22.8273786695,-21.3436805504,1,104,8.19884253476,26,226.738439679,2.74149940895
108,24.8970097883,-21.4002581957,1,108,8.14659857263,27,314.572839581,1.92516904858
112,21.7375207012,-21.672163109,1,112,8.21519952556,28,3.13766362936,0.0429400991464
116,24.3987558657,-21.460104231,1,116,8.19051941493,29,268.767805318,0.131780781199
120,24.2157341315,-21.4994070709,1,120,8.29271382627,30,292.622821561,12.1920112804
124,21.9654168576,-21.2760103066,1,124,8.15082395386,31,27.258280622,0.0194901481108
128,22.0078851746,-21.3411469468,1,128,8.34427677463,32,236.323920455,3.9436100994
132,25.8683484741,-21.3989679953,1,132,8.049617686,33,183.33439203,0.016473985544
136,23.7474926704,-21.4237984855,1,136,7.93515409869,34,172.758020939,3.49501120662
140,25.7018811482,-21.2254717297,1,140,8.04043002494,35,344.006692175,3.81770190197
144,24.6048539037,-21.2066633344,1,144,7.94699789291,36,0.00433208501463,0.262043109983
148,24.9500555193,-21.5303627444,1,148,8.30435224879,37,88.9123323571,28.0000558135
152,22.4398418108,-21.580070571,1,152,7.91344624649,38,256.403764048,0.373367241857
156,22.7078504685,-21.3017812336,1,156,8.20314312391,39,116.849537923,0.0457331081367
160,22.4037897642,-21.6681531972,1,160,8.16379246354,40,99.7186882982,0.166973626557
164,25.970828962,-21.5177549656,1,164,8.29962109139,41,250.360362919,3.05834756007
168,21.0653850556,-21.6649904659,1,168,7.98947709429,42,330.678629333,0.174922670405
172,25.7755814182,-21.5403158171,1,172,8.31842516266,43,88.0112527913,0.0151176390276
176,22.5155016216,-21.6648079906,1,176,8.06582367935,44,164.91089422,0.125455205107
180,22.5443146793,-21.5542205745,1,180,8.26731166728,45,91.0773658157,29.7142480312
184,22.7788932184,-21.3049479357,1,184,8.03797926677,46,136.559984934,0.100249010878
188,22.2423388929,-21.2473052087,1,188,8.33196127641,47,217.633978307,0.403385459811
192,22.793048601,-21.3037670614,1,192,8.05276682452,48,278.056353485,3.60260275352
196,20.2110095688,-21.4189182204,1,196,7.97288717126,49,24.450298846,19.1111199033
200,20.5056360184,-21.3919916246,1,200,8.08626427495,50,246.990628507,0.0407282975563
204,24.3951241889,-21.5192585854,1,204,7.93672904769,51,197.373635062,0.0547790985403
208,23.817199963,-21.6155908707,1,208,8.30055323634,52,49.674978993,0.0288828951553
212,20.1674467332,-21.4818788594,1,212,7.96557695265,53,35.5511589138,0.0531630402402
216,21.8010203589,-21.3329558337,1,216,8.08207484959,54,88.4012779169,28.9819574858
220,21.325115125,-21.6685549072,1,220,8.3621312649,55,54.6431985304,0.0720472592635
224,20.33011996,-21.6896337465,1,224,8.38381320771,56,333.358012616,0.0241361600453
228,23.1394764247,-21.3147369756,1,228,8.11814710204,57,244.837805618,0.557992519966
232,22.4982179438,-21.5500156181,1,232,8.3030620728,58,85.5572118767,0.385470243745
236,20.289312499,-21.3494505955,1,236,8.01561622213,59,204.79869092,3.58023543351
240,23.4344270932,-21.3326770929,1,240,8.18865635176,60,200.387538516,1.4424341156
244,24.8210999041,-21.2335337977,1,244,8.34144412389,61,26.1853959184,1.44389790376
248,20.6816103172,-21.4998363967,1,248,8.15727936197,62,302.29506375,0.0332788613448
252,21.6627032866,-21.5207719456,1,252,8.18508724771,63,145.915017371,0.744124947157
256,23.8500685501,-21.2967161534,1,256,7.90964123414,64,52.1535560567,0.0262096944709
260,22.9564238326,-21.3177537601,1,260,8.06859114853,65,68.73122112,0.0340477404126
264,23.039336454,-21.3736921591,1,264,7.92979854697,66,176.630449343,0.367557617957
268,22.7686415604,-21.2945232876,1,268,8.04272835996,67,256.32877473,0.31041062503
272,25.3684584436,-21.3788998963,1,272,8.05543683476,68,354.577844772,3.55657535755
276,23.6346661588,-21.2212782517,1,276,8.27691542552,69,314.923140625,0.0180225898967
280,23.620133619,-21.533062777,1,280,7.90997757303,70,179.655006204,0.0931906056373
284,22.6632311371,-21.3308731795,1,284,8.10474673052,71,38.4407978377,0.0375618087301
288,22.8802807,-21.225089954,1,288,8.04747432646,72,328.756610516,0.584364823917
292,25.3306851634,-21.5328010237,1,292,8.20823068869,73,131.369745919,1.03306225606
296,21.2510029308,-21.3941481743,1,296,8.06317888369,74,81.5716356838,1.66156448441
300,25.6674887729,-21.5171657851,1,300,7.91154951944,75,314.075470444,0.0554872658822
304,20.4408202637,-21.4692251904,1,304,8.3299616288,76,49.0890066333,0.283118414041
308,23.5709147398,-21.6624898835,1,308,8.27162107593,77,85.096857655,0.419922851989
312,20.1869064251,-21.690328558,1,312,8.32904797137,78,214.343728327,0.0194465128638
316,23.9915445952,-21.3201834587,1,316,8.09873528297,79,203.012139268,0.961408703849
320,23.8243129708,-21.4736207643,1,320,8.19279009554,80,345.216503514,0.0623136619913
324,25.1747909738,-21.3885829121,1,324,8.14673303597,81,163.16615996,0.0133117933804
328,25.649826274,-21.3296676093,1,328,8.18925764435,82,46.4249068483,22.5831882158
332,22.6737623205,-21.4906686803,1,332,8.02110785686,83,273.804363636,0.0181803268606
336,24.0197457946,-21.5161190748,1,336,8.04045826944,84,72.5882670411,3.46711599558
340,25.5459841978,-21.6154747052,1,340,7.90270537675,85,63.2627507567,0.559377753749
344,23.7165408006,-21.3030636206,1,344,8.04153085803,86,157.362484554,0.0209903220564
348,21.9355143963,-21.2834690972,1,348,8.01103016821,87,122.493889025,0.663491611459
352,21.9168578656,-21.3328949469,1,352,8.16879599647,88,348.211119082,0.323465899441
356,21.74874011,-21.2623389881,1,356,8.17276442896,89,51.4893877515,0.804487861587
360,25.7445045424,-21.3762938192,1,360,8.12778367862,90,304.04107181,17.8292306283
364,22.4357500578,-21.3525165615,1,364,8.03609413986,91,240.986210393,28.8343760381
368,25.6793349342,-21.6034631948,1,368,7.92215939261,92,39.3497669086,2.00890894126
372,25.143143353,-21.3161819273,1,372,8.37941272982,93,31.7712744105,0.170354612112
376,24.1335659962,-21.5329600872,1,376,8.05986109482,94,347.92633486,0.336513264474
380,20.0197278125,-21.480918581,1,380,8.13756147992,95,69.9470946767,4.97236198687
384,25.4006209979,-21.5405484147,1,384,8.37856948436,96,29.4840216066,1.53473540943
388,25.5191892258,-21.4158546914,1,388,8.11038685441,97,96.9784903008,0.0219142350069
392,20.0354561352,-21.3706863535,1,392,8.04911280963,98,234.046986485,1.84350253338
396,23.8575568906,-21.4123680803,1,396,8.14941166617,99,196.839808324,23.3343286473
400,22.3113018815,-21.5409077755,1,400,8.17906773754,100,250.820943787,0.0666669706206
404,23.5744513657,-21.5909994746,1,404,8.3169717977,101,346.715307973,0.232032109285
408,23.664842333,-21.2775303184,1,408,7.92404856355,102,99.9797507033,0.019383713181
412,23.5977151304,-21.5487592773,1,412,8.12228175531,103,84.1055262653,7.3044243005
416,21.8737039811,-21.4808914898,1,416,8.28097581105,104,304.441939612,0.101534527254
420,20.4192420486,-21.6542919068,1,420,8.24930153591,105,80.7164894249,0.0371741646432
424,24.8044054053,-21.5495111613,1,424,8.18301068865,106,248.006267841,0.0369181857676
428,25.4686043008,-21.6571509387,1,428,7.90854835665,107,55.2580693122,0.092579208646
432,21.1680477743,-21.5281431256,1,432,8.06532826194,108,73.295329016,0.0105817439457
436,21.2636458331,-21.3453134408,1,436,8.17167505285,109,24.3356016973,4.01341438734
440,22.2646446942,-21.2132187474,1,440,8.03986428062,110,269.814850357,9.30717576391
444,22.417083261,-21.387061097,1,444,8.14632050897,111,64.8285823505,16.5492990334
448,25.3110661666,-21.5653465062,1,448,8.22673520245,112,44.73385569,0.112355540901
452,21.2129260602,-21.3716360126,1,452,7.96959839659,113,80.9306186072,0.44525495091
456,22.5140889649,-21.3864207198,1,456,7.91522378623,114,100.605439314,3.75116915401
460,23.88775504,-21.2871654742,1,460,8.05894692668,115,12.1758231758,1.82955098398
464,23.0698577168,-21.4331511522,1,464,7.94403183505,116,91.5837066149,0.0852195566715
468,22.0029949131,-21.2444434618,1,468,7.97944900314,117,240.787694312,0.225706176742
472,24.6708406032,-21.4925537995,1,472,8.33293262095,118,273.570869023,14.0485758619
476,20.8126108074,-21.5569027294,1,476,8.07269386516,119,81.365189136,3.47717726568
480,21.1502646335,-21.4404963886,1,480,7.99938436833,120,220.265852157,0.0184126822265
484,22.4155348874,-21.2387754763,1,484,8.26624905344,121,328.412190355,0.0521500294024
488,24.7210667915,-21.3381134928,1,488,7.94318145383,122,194.979826181,12.2684794407
492,21.5228491636,-21.4530392749,1,492,8.26229745144,123,134.620232247,0.272286216656
496,20.656912528,-21.4512517308,1,496,8.12489376365,124,4.75222520336,0.051417332225
500,25.5840560863,-21.3756419799,1,500,8.18912951119,125,298.554370028,0.16081347306
504,20.7583237026,-21.4761198216,1,504,7.9638124969,126,293.962149977,0.271184980149
508,23.6300323422,-21.4246359993,1,508,7.98209826558,127,28.6992423922,4.22878706062
512,21.7407316195,-21.2144118406,1,512,8.21253636216,128,61.8031071638,0.0290234732719
516,23.7591763515,-21.233967083,1,516,7.91442157338,129,301.7336516,9.38245912824
520,23.956855723,-21.2796590741,1,520,8.0143020586,130,203.09770039,0.20923728785
524,20.4063569698,-21.6364678348,1,524,8.16119843741,131,125.921596896,0.455158485468
528,22.1326575488,-21.4217389588,1,528,8.00338705039,132,52.201066628,0.0283504649965
532,22.0083444649,-21.5167852764,1,532,8.08070733688,133,35.4668673301,0.0884022427581
536,21.0650382033,-21.2442587346,1,536,8.35072249072,134,201.665310594,19.444344862
540,20.0480200387,-21.5431698421,1,540,8.35267602229,135,255.623720423,0.446058360838
544,20.0626304126,-21.2346172632,1,544,8.17337566599,136,342.313571745,0.0338848705486
548,23.5847528278,-21.5808450738,1,548,8.15673522057,137,269.298479565,0.831538174498
552,20.5078311221,-21.489782048,1,552,7.89740821545,138,134.008564473,1.43926937846
556,21.8940094216,-21.2202136453,1,556,8.37896002645,139,273.051830015,8.95712019902
560,25.8117099738,-21.4022537444,1,560,8.17652053021,140,25.5864644865,0.309161758414
564,25.2414953074,-21.2342496569,1,564,8.28554142608,141,223.864332822,21.4478865162
568,25.476703965,-21.4305758808,1,568,8.17077848905,142,259.457051024,0.0479114427912
572,21.0193895656,-21.5859780261,1,572,8.32868078809,143,15.0511028836,0.625523476875
576,21.9008474041,-21.3435152183,1,576,8.18209361862,144,142.287054575,0.249110342643
580,21.4506814143,-21.4392115297,1,580,8.24442598743,145,58.0819764439,0.0932133984737
584,22.9457298189,-21.4472363108,1,584,7.9642622434,146,99.389910592,1.26035365327
588,23.2636604574,-21.6317573353,1,588,8.10422543016,147,81.5411963927,0.0189247719303
592,22.4327263225,-21.627529456,1,592,8.23694116449,148,109.68621491,0.526852826751
596,24.4544618791,-21.2351901165,1,596,7.9423162311,149,49.0440172039,0.44504689672
600,23.8623980946,-21.2220449462,1,600,8.10977555411,150,249.930020735,3.61813464619
604,23.9560601043,-21.2170338067,1,604,7.9731032335,151,19.0318327141,0.10480527662
608,20.8953421116,-21.5211059863,1,608,8.14348823386,152,209.317788293,0.0568649073887
612,24.4795027388,-21.6770638754,1,612,8.29951841513,153,64.7021263076,0.0518595480366
616,23.8486855737,-21.4230601696,1,616,7.93448746999,154,182.408886201,25.9841294678
620,21.7893861754,-21.3318372342,1,620,8.29003276399,155,101.346781273,0.375725460905
624,22.2549673719,-21.3756344775,1,624,8.17224143779,156,133.227675954,21.5508241483
628,25.9317671911,-21.6735416739,1,628,8.18438933849,157,181.630408671,13.0578346632
632,22.0675696417,-21.5835534126,1,632,7.98905567607,158,44.0392360648,0.341261447775
636,22.0606700039,-21.3470536215,1,636,8.10806308467,159,47.0391116542,0.266371371607
640,23.6819207263,-21.6724935006,1,640,8.03797609728,160,303.989132336,1.98725029988
644,23.7103562764,-21.2765099358,1,644,7.90847846995,161,141.191476829,17.6834241164
648,20.0801205331,-21.2053397772,1,648,7.90540862289,162,61.0424923172,6.27296141729
652,23.446596769,-21.5761094123,1,652,8.11655557608,163,288.424464631,0.44648632226
656,24.6660767125,-21.6729484345,1,656,8.26244164683,164,327.646306822,0.521797314162
660,25.6992924628,-21.2101548241,1,660,8.16864851068,165,298.647891751,0.0772750733584
664,24.2178930386,-21.3164193727,1,664,8.08255047694,166,257.058333372,1.29518214771
668,20.6972344007,-21.4729008885,1,668,7.97403669227,167,35.7723554358,0.0165956489106
672,21.4796088687,-21.4608826445,1,672,8.30914875683,168,328.78844785,0.97069432748
676,22.5136320843,-21.2422487113,1,676,8.18952549866,169,208.07256462,0.0208010102898
680,23.7921892803,-21.522093212,1,680,8.28136880838,170,324.09916263,0.645595291858
684,20.5728215208,-21.6734202328,1,684,8.31423055188,171,202.885261873,1.19704336984
688,22.3418552565,-21.3930082872,1,688,8.19168720611,172,3.54435868789,4.85923303273
692,21.9318055252,-21.5437281486,1,692,8.28054489703,173,357.926170607,0.66969675443
696,25.8279517636,-21.3591935624,1,696,8.19789296137,174,47.6632210975,1.67046418368
700,25.8150942777,-21.2260404196,1,700,7.90057677847,175,249.349052787,0.756695595079
704,24.4605078094,-21.5197084836,1,704,8.26523138198,176,120.343770857,0.0838421353018
708,23.1061357702,-21.5764985438,1,708,7.9780221828,177,64.8733527393,0.120589619099
712,20.9868797367,-21.673518216,1,712,8.1192619057,178,50.6151594618,0.347225839327
716,25.6962894223,-21.2841739232,1,716,8.14655918968,179,240.92906783,0.204334724637
720,25.5309557281,-21.66079079,1,720,8.13200365109,180,109.387538219,0.938933418456
724,25.295424202,-21.2239161524,1,724,8.31218840604,181,220.915632203,0.272657237481
728,20.3062316002,-21.3471034664,1,728,7.97782088823,182,336.815778701,20.6582771185
732,24.6496412926,-21.2442088115,1,732,7.89732498739,183,73.0457614398,1.18775067901
736,20.6353709145,-21.2927729403,1,736,8.31438912472,184,43.0596526161,0.445096932452
740,25.4323751998,-21.6042438395,1,740,8.26084576702,185,141.188638649,28.9382726721
744,23.5273189083,-21.6120495043,1,744,8.11834831531,186,250.034121591,0.0607745136267
748,25.9285385462,-21.2193089212,1,748,8.0984569955,187,340.188131928,0.379954990152
752,22.5719681391,-21.5544749809,1,752,7.94836840555,188,58.8176979857,0.32341332935
756,23.7790998737,-21.3046685725,1,756,8.05924663033,189,165.136790061,4.41114204032
760,24.6576880056,-21.6145841036,1,760,7.93732570216,190,100.39087847,0.971181953429
764,21.5589049266,-21.5504032487,1,764,8.24793057887,191,73.6560266385,2.46862301614
768,23.8334784156,-21.3632494194,1,768,7.92854058748,192,111.0009708,0.270702359119
772,24.960799851,-21.575791351,1,772,7.9929754805,193,286.419445348,0.0570172454342
776,23.1278315499,-21.3240660263,1,776,8.17688870534,194,33.4245714864,0.0324095860784
780,22.5469108333,-21.2603731966,1,780,8.03691691677,195,312.846904131,0.0768492677947
784,23.1860182268,-21.5398182625,1,784,8.2178659765,196,300.137537191,0.238038893976
788,25.675868736,-21.5506464048,1,788,8.29178401719,197,245.445679155,0.0172976892954
792,25.9956419729,-21.6860072019,1,792,8.06556930653,198,106.493132698,6.05081633546
796,24.0255415331,-21.488669686,1,796,7.93672037855,199,59.8031267966,0.0173371006144
800,24.7374568223,-21.6672768519,1,800,8.29665829837,200,330.818864618,0.0134797280332
804,25.8895253282,-21.4126715617,1,804,8.28243432764,201,25.7130481387,0.049314016963
808,20.8493504729,-21.3560316702,1,808,8.08670828067,202,170.808505592,0.059278244064
812,20.1577221193,-21.4158456884,1,812,8.32223843855,203,129.682591117,0.0832225146471
816,24.4786565673,-21.3981365198,1,816,8.08201551559,204,57.5031897021,0.0112318494465
820,23.6995284442,-21.4001759017,1,820,8.01865611091,205,348.449673347,0.218543763454
824,20.5952281957,-21.2486257053,1,824,8.30471095439,206,78.8225322697,2.36528725341
828,23.1314160521,-21.4344857624,1,828,8.25819123798,207,256.240946298,0.0219772011589
832,23.0445918889,-21.2693426487,1,832,8.14384149635,208,316.467177731,2.59712280878
836,21.7141581555,-21.5240146001,1,836,8.21216308566,209,240.805365515,0.0208662101853
840,21.4906309356,-21.629491036,1,840,7.99674827226,210,51.6673974127,11.4640857779
844,21.0820950812,-21.589069046,1,844,8.33785657105,211,285.439673135,0.361306068731
848,23.5029384019,-21.3033394564,1,848,8.37297742135,212,77.5845709746,0.916590045424
852,20.9235116441,-21.5851598813,1,852,8.04850691774,213,344.142011048,0.292660786769
856,24.2703655262,-21.3136639082,1,856,8.32289354136,214,29.8288836434,6.19950108878
860,25.1525144327,-21.2485840828,1,860,8.04513981317,215,230.770830474,0.148003325145
864,24.1186482248,-21.4278083437,1,864,7.90262972922,216,220.840648346,0.136046021615
868,21.5907776529,-21.6283886012,1,868,7.91459703606,217,172.825853774,0.0250994753889
872,22.3821962412,-21.3881207691,1,872,7.98239063608,218,59.4695147939,6.97330941174
876,23.0780961513,-21.5102509187,1,876,7.92451666473,219,90.7146558754,0.0223498390293
880,22.0652253248,-21.245776494,1,880,8.01873765414,220,262.950239722,0.0215170884752
884,23.273613962,-21.5881955933,1,884,8.34684674085,221,345.132245305,2.65212189973
888,24.116700409,-21.5830353682,1,888,8.11928172429,222,333.288753362,18.3327262712
892,21.79815737,-21.4588199307,1,892,7.95510585678,223,265.463963581,0.0220225432028
896,21.2921469408,-21.4532205459,1,896,8.29494606656,224,84.1254695357,0.104822635622
900,24.7298527396,-21.6061177584,1,900,8.09173497649,225,275.220999791,0.0283574441014
904,24.6550936757,-21.5128271843,1,904,7.9022147811,226,107.032399043,0.241413396836
908,20.2503557037,-21.3658942988,1,908,8.31841149102,227,101.28885921,0.944516841251
912,23.8729122173,-21.4649064048,1,912,8.02716567924,228,276.264541843,7.68099953984
916,20.769158615,-21.6701463274,1,916,8.24455033913,229,246.883535644,0.308828010406
920,23.2859150177,-21.4922380298,1,920,8.06787035827,230,98.3138256424,5.01708649596
924,21.7491406799,-21.4920907302,1,924,8.28715724359,231,58.8719083796,0.240732181197
928,24.9550706972,-21.4761919817,1,928,8.31231688799,232,37.0498918219,0.428658722348
932,20.5841142317,-21.6880795542,1,932,8.15906561999,233,176.177361822,0.374198852869
936,25.3850714682,-21.563005037,1,936,8.16954396745,234,299.910479499,0.0652521511993
940,22.0519348759,-21.224791859,1,940,7.95125374713,235,116.372403534,0.128434726628
944,20.7925118302,-21.258793029,1,944,8.07839029454,236,214.53842369,23.9845995243
948,22.7454976905,-21.2296451077,1,948,8.10437384601,237,65.3908968543,0.0199896850308
952,20.5066268484,-21.3205240057,1,952,8.14558934751,238,115.826188261,1.57703581862
956,24.4413595595,-21.4830046112,1,956,8.33588105507,239,250.312939063,0.0313072227943
960,22.1824269127,-21.2312480349,1,960,8.04009236323,240,180.562597667,0.593783162283
964,22.0013669733,-21.549670203,1,964,8.08822164013,241,313.43082007,0.0467575241239
968,20.6385479813,-21.4033923053,1,968,8.28663674225,242,298.13781489,0.0122313337142
972,21.1168737205,-21.4062703058,1,972,8.0961341459,243,107.191346505,0.604219889713
976,23.1154928286,-21.4796216175,1,976,7.98244129787,244,10.4738747255,0.350967875682
980,20.6757336743,-21.5748528928,1,980,8.3100942743,245,231.544904021,2.16756635775
984,22.9035535368,-21.5347600948,1,984,8.17463676813,246,312.908012351,0.071984087806
988,25.588930262,-21.3789423035,1,988,7.92031920777,247,306.193484247,22.8485594958
992,22.3931311666,-21.5579885776,1,992,8.38446523661,248,5.32322471144,0.310982311143
996,21.0823519072,-21.5268691206,1,996,8.00441469246,249,54.5331290493,1.86007448352
1000,24.8329522417,-21.52289873,1,1000,8.19737346749,250,65.6466996241,2.51551920042
1004,23.9644127719,-21.5371709066,1,1004,8.0739267009,251,101.491820004,19.9504241515
1008,23.6806106872,-21.2856923317,1,1008,8.29136876269,252,114.276676829,2.14298258291
1012,20.7432929296,-21.4271068696,1,1012,8.20378174791,253,29.3968570935,0.0432597925573
1016,22.1092492806,-21.6907854272,1,1016,8.3005817305,254,131.820671829,1.8237293375
1020,22.8385988097,-21.3292935083,1,1020,8.03424676596,255,325.430538945,6.69649005911
1024,22.2703118037,-21.4487878908,1,1024,8.02752847906,256,44.1797674465,8.37444651938
1028,21.3315419973,-21.3105621944,1,1028,8.19052776296,257,281.655640555,0.412687374232
1032,21.3612817371,-21.4527019817,1,1032,8.35930050521,258,20.4670280155,2.12550131343
1036,20.8569688697,-21.5444465438,1,1036,8.24396876923,259,22.7704970695,15.9517888314
1040,24.376550727,-21.2803508414,1,1040,8.02169123389,260,154.422280698,0.526333153336
1044,20.7380696565,-21.6133293017,1,1044,7.95117646192,261,347.961402576,0.398779771817
1048,21.9186678444,-21.5604002942,1,1048,8.11945993735,262,78.0303339627,21.6386750037
1052,22.3499577239,-21.458115926,1,1052,8.3779673903,263,341.306262586,27.1766407674
1056,20.2276473167,-21.2699521595,1,1056,8.23069173052,264,15.5075861141,19.2600313443
1060,20.9300677214,-21.6427006409,1,1060,7.9869889897,265,319.741556399,21.7691100667
1064,21.0238940373,-21.5306564374,1,1064,7.91336806795,266,203.51562836,0.0773294679197
1068,24.6218732334,-21.4339068125,1,1068,8.36633509347,267,296.007051564,1.37321065505
1072,21.4351912463,-21.3608239341,1,1072,8.31931329806,268,173.453359047,0.517631590568
1076,24.4830205234,-21.6473928132,1,1076,8.3039514978,269,90.5083489174,0.465761928582
1080,22.0849651079,-21.3223608285,1,1080,8.37195203718,270,303.877501157,0.146146516711
1084,23.9672802092,-21.4215321579,1,1084,8.18946353372,271,122.744180783,0.397856735503
1088,23.927323999,-21.4414397085,1,1088,8.35545644072,272,262.928574596,0.550486536263
1092,21.3978556574,-21.5095648757,1,1092,7.96338477478,273,343.844546985,0.0175591980296
1096,22.52584862,-21.5426782328,1,1096,7.9469831832,274,329.377415344,0.161468951217
1100,24.0592610933,-21.2547478194,1,1100,8.07601230325,275,183.457517812,0.0987141633923
1104,23.6320717175,-21.2031076265,1,1104,8.273280313,276,86.5472242769,0.190217133027
1108,23.6520830392,-21.6125570124,1,1108,8.05061468579,277,284.872234217,7.80557024916
1112,20.2369005307,-21.5942451116,1,1112,8.20903215636,278,16.3917524357,0.698918860149
1116,25.4326157286,-21.3664836371,1,1116,7.89461149219,279,323.988754089,0.0533881602141
1120,25.3343382854,-21.3177193353,1,1120,8.16173072832,280,203.656196526,0.0896977883006
1124,21.0720876963,-21.2884807777,1,1124,8.05923381301,281,5.81725300791,16.4390104195
1128,22.3274211695,-21.5487773164,1,1128,8.33901147447,282,187.16738295,0.0314393901355
1132,25.4458075649,-21.595449671,1,1132,8.36034903204,283,177.751516153,0.206014112529
1136,22.712789301,-21.663706005,1,1136,8.08206314979,284,76.64470937,0.44194478063
1140,22.5997588207,-21.5118468892,1,1140,8.08804469548,285,222.522151668,0.883932653427
1144,24.2576736162,-21.4187523674,1,1144,8.33917257732,286,0.566337096359,24.4350329348
1148,20.9654128271,-21.2637179476,1,1148,7.91941182981,287,84.218551632,0.294090442957
1152,25.182510955,-21.6834783178,1,1152,8.09268656695,288,189.70611481,0.143222933661
1156,20.0831754887,-21.6550126754,1,1156,7.95514060176,289,71.6914509367,7.71549683639
1160,20.4445592566,-21.3729432699,1,1160,7.9335038721,290,87.7329100775,22.2291253046
1164,22.2554944582,-21.3643393321,1,1164,8.28198181555,291,157.105165568,0.0163304572564
1168,21.4961811374,-21.6377228624,1,1168,8.04286648889,292,20.0311951114,28.3121910559
1172,23.0757400693,-21.6517428686,1,1172,8.18204790695,293,74.9514169938,3.52866892868
1176,20.8608815415,-21.6860114185,1,1176,8.32923394124,294,26.5108059035,0.0436807278697
1180,23.849933008,-21.3756334721,1,1180,8.33039619024,295,287.433270946,0.0244896834483
1184,23.2346330228,-21.5600716155,1,1184,8.19047670573,296,180.897066041,0.0182561242224
1188,24.9794850546,-21.5794731407,1,1188,8.21261166533,297,94.1555305022,1.39754623513
1192,21.6147494477,-21.3677281485,1,1192,7.918314902,298,286.84035214,0.12677485993
1196,21.0263343298,-21.6394874773,1,1196,8.03875039144,299,55.828364029,0.68143146425
1200,23.1585965865,-21.4317940599,1,1200,8.23588791753,300,311.751979139,0.0422819539127
1204,21.4511324524,-21.6544156352,1,1204,7.9840267839,301,165.968361932,23.0733666808
1208,22.7372846736,-21.6671334956,1,1208,8.29148370317,302,202.22828686,0.994413569281
1212,20.6988920681,-21.3655692811,1,1212,8.14731419542,303,112.408655697,8.14478077272
1216,23.5988397684,-21.3041896108,1,1216,8.2686431572,304,87.5087165026,0.144638753859
1220,25.019809356,-21.4684790951,1,1220,7.97884241017,305,99.6064298253,14.2852413543
1224,25.4739914678,-21.4989208233,1,1224,7.93130506493,306,129.572442063,0.365877385214
1228,25.7037624322,-21.3492278932,1,1228,8.13103111092,307,205.190041752,0.247096034454
1232,23.4891762157,-21.6619555242,1,1232,8.15454853251,308,11.0688330191,5.68394270377
1236,23.0881418353,-21.5608548985,1,1236,8.23814994002,309,138.871661238,0.255550907043
1240,24.6602972715,-21.2471496981,1,1240,7.99224103437,310,122.834575448,11.8259740747
1244,24.0325839565,-21.2255263275,1,1244,8.22568218386,311,226.742293092,0.266515790857
1248,20.982725244,-21.6808022996,1,1248,8.28663498162,312,312.69555856,0.0215785568555
1252,22.5653501312,-21.6984782431,1,1252,7.910870382,313,278.150198344,0.477548395465
1256,20.926355964,-21.3160635904,1,1256,8.37178288776,314,356.893553168,4.78433403506
1260,23.4002095838,-21.4740605149,1,1260,8.37769576389,315,149.7356858,0.031587413502
1264,23.0546185381,-21.3187838221,1,1264,8.16533060663,316,77.272468408,0.0446699487562
1268,22.7226710965,-21.3785341365,1,1268,7.92250151784,317,331.879171656,2.49817004213
1272,25.9460676318,-21.4765461243,1,1272,8.06284543136,318,293.21552903,26.4225899971
1276,25.400879314,-21.345009929,1,1276,7.90021566976,319,329.003275651,0.0366795265185
1280,20.9085546754,-21.3971167517,1,1280,8.29058209547,320,75.8521173128,29.3153411761
1284,23.646048511,-21.6921404621,1,1284,7.99395584926,321,168.91256826,0.359955885889
1288,22.8692258803,-21.4668433687,1,1288,7.961578277,322,116.466074993,4.93880065541
1292,24.9717466788,-21.2589859166,1,1292,8.23990979092,323,162.459236445,1.78987694319
1296,25.5765527057,-21.3103514205,1,1296,7.91890441007,324,261.873018285,22.8761390201
1300,24.9725906489,-21.3727295512,1,1300,8.01827297177,325,260.957678775,8.99391175785
1304,20.1606022215,-21.3892137812,1,1304,8.14516320009,326,229.417119141,0.189850462926
1308,25.3416249095,-21.2916918199,1,1308,8.38762813678,327,122.112547686,0.108362061887
1312,20.9857908794,-21.55431038,1,1312,7.9632608516,328,80.6986892453,0.854910380539
1316,22.0038336476,-21.502945993,1,1316,8.11475040754,329,168.375874702,0.326979249731
1320,22.2638069568,-21.384673472,1,1320,8.1907201752,330,269.539835019,0.0736290901411
1324,24.9096856048,-21.2895109509,1,1324,7.9386412073,331,66.0327271558,0.560186431996
1328,21.1883185215,-21.5393041785,1,1328,8.03437713396,332,8.69722456146,0.449881974054
1332,21.0561562819,-21.6157332919,1,1332,8.25043558526,333,37.810617018,2.06921185907
1336,25.9546163179,-21.5634201307,1,1336,8.1658328497,334,46.4238675041,28.6056166949
1340,20.2681924661,-21.480508485,1,1340,8.3092737881,335,167.222073395,0.692418002661
1344,21.8650933147,-21.6503183688,1,1344,8.17981055835,336,128.269919899,26.3033137908
1348,22.4695014271,-21.3859150288,1,1348,7.98243524804,337,331.005464247,7.83494643487
1352,21.3515795223,-21.2517564314,1,1352,8.19775201574,338,74.9296909306,0.168893376533
1356,21.6236172849,-21.528889095,1,1356,8.33346464493,339,137.071169251,0.808207335569
1360,20.6433063603,-21.2217677731,1,1360,8.14871073853,340,7.70316242873,14.6334753072
1364,24.8661239951,-21.4901845117,1,1364,8.20307546879,341,21.5439157329,0.179246910169
1368,21.4758805262,-21.4321291847,1,1368,8.14253022417,342,301.598756098,0.0582587942931
1372,23.8031102943,-21.2121054959,1,1372,8.3446853373,343,252.780977491,22.6185591632
1376,22.1626273409,-21.3449823322,1,1376,8.09665371548,344,33.5767223395,0.0764120419718
1380,20.0291761266,-21.4475670237,1,1380,8.15781984561,345,284.883363234,15.268828186
1384,21.4833253876,-21.3227207426,1,1384,8.06132123578,346,142.69843654,0.0188593286153
1388,24.9794431712,-21.4633456268,1,1388,7.95478893673,347,52.3061194954,0.0411278556471
1392,22.4669619338,-21.3392208383,1,1392,8.22149329593,348,354.573817921,3.79813919194
1396,20.5394875039,-21.5885029812,1,1396,8.35818276698,349,42.839456836,21.7577803442
1400,25.8484249991,-21.6615505269,1,1400,8.196365978,350,50.761532952,0.100596005146
1404,23.9141735842,-21.4004260893,1,1404,8.31137284636,351,307.410993158,0.271591956173
1408,23.9369335179,-21.4381690706,1,1408,7.99895264259,352,261.914559843,0.513888920134
1412,25.565097625,-21.4696524152,1,1412,8.34159560695,353,24.886557023,0.49242490426
1416,25.5981357126,-21.6412869233,1,1416,7.89485817399,354,223.714810501,1.70194708998
1420,25.2695395333,-21.2324744883,1,1420,8.00234021608,355,155.876373122,28.4579895039
1424,22.4091518738,-21.6441596591,1,1424,7.9560613274,356,319.457140231,2.03830700217
1428,21.6736979666,-21.2165710298,1,1428,8.34344006226,357,222.483568433,20.6161938883
1432,22.88554998,-21.5409574584,1,1432,8.34510464329,358,237.891773341,0.921374332922
1436,24.5409249882,-21.5590849656,1,1436,8.18052860938,359,170.801996631,0.0159958073651
1440,23.053295481,-21.2300050004,1,1440,7.93375860438,360,1.84377225548,0.554384009585
1444,22.2516391319,-21.2196610473,1,1444,7.94839234465,361,138.361771506,2.90810504448
1448,23.5865099844,-21.3496527292,1,1448,8.27553066166,362,106.684382268,0.793525014314
1452,23.8529791119,-21.2223859446,1,1452,8.25638686471,363,197.835335534,0.519014678726
1456,25.8711790741,-21.6125109161,1,1456,7.93356379039,364,172.970714764,0.0179381836988
1460,23.7292291714,-21.2717065798,1,1460,8.06876448124,365,320.185864861,1.96387966522
1464,22.3604025896,-21.3908965212,1,1464,8.27660889157,366,53.115843319,0.235472458001
1468,25.6090302302,-21.5521847028,1,1468,7.95581158314,367,25.2076483559,3.84252102942
1472,24.3909244778,-21.4017285117,1,1472,8.15849718799,368,172.497767663,19.3893936114
1476,22.5834177907,-21.6453232961,1,1476,8.26739285669,369,44.9161679271,2.01306729859
1480,22.7571027608,-21.3040113337,1,1480,8.02626194274,370,259.590382409,0.290782591881
1484,25.9927424532,-21.3789908884,1,1484,8.17327398014,371,77.6055336587,3.3090705427
1488,25.781589105,-21.6464774398,1,1488,8.12834258178,372,87.4639315703,0.0999710954342
1492,20.0391176176,-21.5901961355,1,1492,8.16828036548,373,220.413146909,1.80643636453
1496,25.0757310237,-21.5546911755,1,1496,8.11050811833,374,283.952473032,26.559013442
1500,22.1748868034,-21.4631620818,1,1500,8.23685963371,375,245.448566436,0.999028317512
1504,22.3837196897,-21.5846931937,1,1504,8.24908772598,376,191.48222183,1.44484498005
1508,21.7667578759,-21.5512145872,1,1508,8.26817741318,377,158.02996335,0.680972196944
1512,23.6887769999,-21.4242592269,1,1512,7.90867026196,378,356.104899991,0.425679428784
1516,21.0598134766,-21.6269594592,1,1516,8.22895293334,379,224.219592374,29.7508597589
1520,21.2502911036,-21.3233407658,1,1520,8.12861118017,380,330.728994399,0.041006108527
1524,21.297729347,-21.4747153219,1,1524,7.94008605899,381,53.7739827551,0.0283460078988
1528,23.368560946,-21.4965118514,1,1528,8.19711634488,382,286.224986117,2.99284641042
1532,20.618523964,-21.4135053368,1,1532,8.30893734213,383,265.357820376,11.2871727873
1536,21.8679558614,-21.6211519884,1,1536,8.25695103168,384,55.4488950997,0.324600000737
1540,24.8412894226,-21.2542996678,1,1540,8.05090481288,385,332.785316988,6.29470101209
1544,22.9162103925,-21.6424229437,1,1544,7.92399859445,386,357.887421008,3.25661419639
1548,25.7344058806,-21.4263239038,1,1548,7.90868987236,387,78.0339322318,5.47724042301
1552,24.2873420512,-21.2172557177,1,1552,8.16966037962,388,70.2152739639,13.2453011728
1556,20.6914720064,-21.630385832,1,1556,7.97048599043,389,17.2728812167,2.86530861073
1560,22.6871707708,-21.3505943639,1,1560,8.02393664117,390,176.310884283,0.342564082897
1564,23.1606168791,-21.2129168879,1,1564,8.0080240316,391,288.08248913,24.8388676959
1568,25.3780211781,-21.2020868421,1,1568,7.89967308144,392,236.714273894,0.0542812684803
1572,25.5215189124,-21.5261229978,1,1572,7.96585090139,393,47.5173684412,0.522308858187
1576,20.3197018873,-21.3871212365,1,1576,7.90695925611,394,340.035760431,0.390451815282
1580,25.4582040063,-21.2288115181,1,1580,8.38091710898,395,122.583643808,0.0272655896614
1584,24.1344407577,-21.3876498116,1,1584,8.06965209225,396,172.167376581,27.3478674936
1588,23.4466448243,-21.2635898743,1,1588,8.3027320009,397,136.167776475,0.0167499196069
1592,25.5099596575,-21.3512239122,1,1592,8.09597472922,398,184.636060116,6.62669515821
1596,22.4301837529,-21.6816273627,1,1596,8.01646555495,399,212.065314879,6.71368974721
1600,24.0347036006,-21.5272364599,1,1600,8.00835506196,400,223.774260794,0.0239065912515
1604,24.9529135801,-21.2530898566,1,1604,8.27656062164,401,309.019824213,0.205629904342
1608,24.8960501933,-21.4656001214,1,1608,8.2256296936,402,342.062164009,0.0598430003445
1612,23.3621753231,-21.483309737,1,1612,8.2432726485,403,289.990286258,14.3865248543
1616,23.3581378242,-21.5475701441,1,1616,8.3166079507,404,315.017979752,1.96157979603
1620,25.1480758323,-21.6201307371,1,1620,8.15102409265,405,124.123592517,0.056489675612
1624,21.2332077061,-21.3655554959,1,1624,8.11138118863,406,114.81231455,0.397712450332
1628,24.2944454996,-21.5025087465,1,1628,8.16706910126,407,317.395524675,12.146504776
1632,24.8952292557,-21.259232546,1,1632,8.21656459596,408,333.282227257,29.1297588739
1636,20.7156591403,-21.6784018999,1,1636,8.28427374722,409,136.565776045,0.201532226603
1640,25.0920329714,-21.2628152445,1,1640,8.33613529016,410,86.7989558018,0.463624409287
1644,20.7513336086,-21.6538139684,1,1644,8.04455253713,411,91.7647111966,0.0628739971475
1648,20.322286116,-21.2882418869,1,1648,7.95780442815,412,244.24072897,0.0483458517337
1652,22.8237839479,-21.4709986935,1,1652,8.265458219,413,245.538568487,0.565797076184
1656,25.632503874,-21.329922574,1,1656,8.15341763302,414,275.811485392,0.46315302472
1660,25.6852298712,-21.4744452988,1,1660,8.28184140992,415,168.147414341,24.7446740127
1664,23.5206380064,-21.6207324097,1,1664,8.10496288903,416,241.887769905,0.0158112725013
1668,24.8788135523,-21.2259057238,1,1668,8.30942375201,417,309.571280118,0.0329972101431
1672,21.5075274295,-21.3787590697,1,1672,8.15867776741,418,68.5950318495,0.0948668937284
1676,23.8467893935,-21.5925710272,1,1676,8.01535107666,419,8.37939235532,6.45069157744
1680,20.9946821465,-21.4018702325,1,1680,7.91952460364,420,301.353437738,6.84178810066
1684,21.5199361756,-21.5951850102,1,1684,7.93597460169,421,99.9766198696,0.0107949854113
1688,25.5881330047,-21.4990323208,1,1688,7.97710482323,422,350.794042889,0.225479449371
1692,25.3839896182,-21.4023877512,1,1692,8.10962718787,423,272.958204051,0.011172972289
1696,24.4574379574,-21.394865893,1,1696,8.29546687946,424,157.883033988,0.0115419539596
1700,22.8410201804,-21.6459971,1,1700,8.34533714693,425,14.0577173202,6.43579797022
1704,25.283301811,-21.6037184816,1,1704,8.17804572733,426,280.852909115,0.0904716117807
1708,21.0241928223,-21.4708248552,1,1708,8.03553651365,427,128.501692244,2.99935943969
1712,23.0472063561,-21.4419527432,1,1712,8.21582590592,428,205.086199109,3.40801798788
1716,23.5950838837,-21.2713784246,1,1716,8.2089724206,429,357.329082691,0.554337146712
1720,20.223463785,-21.411634395,1,1720,8.14178677758,430,212.85235451,0.0323441637113
1724,24.8932295923,-21.2942419452,1,1724,8.37276898521,431,188.963813584,0.342407944681
1728,21.6895416176,-21.5151072016,1,1728,8.29332514805,432,117.525339325,2.02773672531
1732,25.5518065585,-21.6061987016,1,1732,8.35419335901,433,222.863382444,4.15083038879
1736,25.5982474479,-21.5601542628,1,1736,8.19696786912,434,357.885533357,0.01403779613
1740,24.726905027,-21.687647313,1,1740,8.38068584117,435,203.061438217,15.7618174564
1744,24.9614618697,-21.5181822913,1,1744,8.24770648638,436,310.614531705,14.9762802453
1748,21.8183777107,-21.3822502047,1,1748,7.89432999236,437,312.152898916,0.0243804118843
1752,20.9513014128,-21.2790150216,1,1752,8.03408435902,438,354.498049138,0.533175248493
1756,22.1986982574,-21.582601401,1,1756,8.31069881795,439,104.856202284,0.0913967254528
1760,22.3595329564,-21.3471084277,1,1760,8.11159227773,440,65.5605135768,0.41406384182
1764,25.6150011459,-21.3237788493,1,1764,7.97652426782,441,113.315809014,0.0688396009379
1768,24.9792817916,-21.3543778195,1,1768,7.94734495656,442,8.86199575279,3.77945377973
1772,25.0429399253,-21.2181778103,1,1772,8.28896643651,443,78.8713053158,6.21269074769
1776,24.1603708291,-21.4100604527,1,1776,8.21444945984,444,210.547943807,0.165982111795
1780,24.7875060382,-21.4782244719,1,1780,8.14087196142,445,247.437556247,0.124067327259
1784,22.7874163501,-21.4316018335,1,1784,8.03281918657,446,233.04846653,0.0700229664154
1788,25.3994732486,-21.697619356,1,1788,8.20834812787,447,307.888356484,0.0159582831324
1792,25.8221019418,-21.6966581112,1,1792,8.07416477121,448,252.398555673,0.937786933852
1796,22.4671390099,-21.4533046779,1,1796,8.15982828806,449,299.325728017,5.52794175123
1800,25.4335389644,-21.5117033451,1,1800,8.27103515969,450,5.01561645633,0.080992321588
1804,24.2754932351,-21.6325092873,1,1804,8.30994392146,451,41.5359369871,0.0110857126378
1808,23.851982123,-21.522840039,1,1808,7.94248530845,452,67.8879887749,0.804673636974
1812,23.154866564,-21.3792728482,1,1812,8.14531584409,453,316.9302625,0.0119268797403
1816,25.6652851611,-21.4386029759,1,1816,8.21274310201,454,105.654047736,0.209015604073
1820,22.1751952959,-21.5017902154,1,1820,7.96653477387,455,77.9566625315,0.300505920728
1824,20.8393432108,-21.3149692862,1,1824,7.89089360111,456,31.9022135689,0.744465151988
1828,20.3617058296,-21.6733228605,1,1828,8.3735212515,457,174.847357974,0.074856577997
1832,24.8486577146,-21.2568999565,1,1832,8.29396109228,458,47.0156776328,1.87230232626
1836,23.2270111651,-21.3604345772,1,1836,8.02703321616,459,232.700351644,0.0437974842182
1840,21.435815775,-21.4902337364,1,1840,8.02954179383,460,97.5370867798,1.05264925931
1844,22.0530985092,-21.3543839184,1,1844,7.95010582891,461,226.865401089,15.7004590816
1848,23.9459340358,-21.2303805318,1,1848,8.13034496223,462,292.633527193,0.0989119009593
1852,24.4916706835,-21.372581163,1,1852,8.3561499728,463,209.076088929,0.0533615869914
1856,20.51215753,-21.365827635,1,1856,8.34747776975,464,2.20318192289,0.645351490083
1860,23.7333851068,-21.3489509966,1,1860,8.01193768071,465,72.6108661684,0.0203736110629
1864,23.6246551691,-21.2421420616,1,1864,8.08742355437,466,108.233606595,0.820166745672
1868,24.7711464856,-21.2555198906,1,1868,8.37522302765,467,299.465683139,9.63053867627
1872,21.3458075077,-21.5603031888,1,1872,8.02781378942,468,75.4917193061,0.727480756578
1876,20.9693057198,-21.6887902398,1,1876,8.35897992709,469,355.378092222,2.54092912982
1880,24.5034039637,-21.5610925304,1,1880,8.27450429012,470,183.58186403,0.0822049338702
1884,22.3272543639,-21.5179917701,1,1884,8.33236187126,471,296.303389097,0.261638488304
1888,20.7292338916,-21.5762718496,1,1888,8.32550012386,472,158.614586034,0.116458516178
1892,22.6261917004,-21.471348896,1,1892,7.96323991563,473,352.693957831,0.205172980446
1896,24.7893827863,-21.2311441013,1,1896,8.28428889667,474,204.301999452,15.377656924
1900,22.0749550254,-21.6050712458,1,1900,8.34453919436,475,105.942238307,12.0137643317
1904,21.1932078586,-21.5092526099,1,1904,8.30908728678,476,308.977906355,0.146778170924
1908,24.5937200187,-21.2838923782,1,1908,8.2458965263,477,253.926348484,19.7286459466
1912,20.3940041159,-21.6344882582,1,1912,8.04368518171,478,256.940915271,0.919237062044
1916,20.5735150215,-21.5237613025,1,1916,8.06689496755,479,86.9084550961,2.28835599916
1920,20.1649949283,-21.42455234,1,1920,8.00817694572,480,79.0922077719,0.0601506517391
1924,24.8101287034,-21.3152584537,1,1924,7.934864666,481,124.415801546,3.34037882447
1928,22.1205571019,-21.2691212169,1,1928,7.98715555928,482,206.927855899,4.29792613636
1932,21.2377279422,-21.5720093273,1,1932,8.19790453517,483,45.7754514176,0.0392997309163
1936,20.0153251789,-21.2238252953,1,1936,8.35604185429,484,272.252396495,0.0192745007913
1940,21.6071797028,-21.4825656411,1,1940,8.2355236673,485,155.805696093,0.920759728805
1944,20.8542307146,-21.6345635447,1,1944,8.17142397245,486,270.526339702,2.24280456958
1948,25.2475247843,-21.6205110003,1,1948,8.02187772314,487,243.134612489,0.0177219971546
1952,20.6707145149,-21.4813203052,1,1952,8.15414362177,488,359.591207068,26.1583650049
1956,24.5913723696,-21.2940818536,1,1956,8.29219125154,489,135.330302777,0.0132768394196
1960,23.1014104069,-21.6652954713,1,1960,8.03782875062,490,36.142901878,16.5202960821
1964,20.2359799054,-21.5912475669,1,1964,7.98166950199,491,313.982738451,0.0149768072627
1968,21.1949448514,-21.2990842812,1,1968,7.89990837496,492,47.5323733647,2.86364579049
1972,22.0577584237,-21.288237977,1,1972,8.26144252516,493,160.002099176,10.647124825
1976,22.188307775,-21.5999871855,1,1976,7.90914570392,494,167.119409603,0.0469744153842
1980,21.7824269317,-21.6718853308,1,1980,8.10683986502,495,87.1683505088,0.028354031174
1984,23.8524133424,-21.3729834734,1,1984,8.30606258841,496,359.739445053,0.92706271454
1988,20.5522987458,-21.303242944,1,1988,7.89708279542,497,328.798874823,18.9605047162
1992,20.4971046364,-21.675116278,1,1992,8.14466738092,498,236.701647341,0.0263090038206
1996,23.2347191629,-21.4389403812,1,1996,8.12961833852,499,237.527960688,13.3309047889
2000,21.8578527125,-21.6290876071,1,2000,7.90482336418,500,194.734495288,0.194782585653
2004,24.0298312434,-21.3995664048,1,2004,7.89571420151,501,91.7678895916,0.0920482238073
2008,21.6911287298,-21.6437041634,1,2008,8.05593681414,502,78.8339957813,3.5094329429
2012,24.0759291553,-21.6341309837,1,2012,7.92070835976,503,252.958256453,1.12386549223
2016,25.2796816247,-21.4297240381,1,2016,8.18908873901,504,21.9413312499,0.0981742755338
2020,22.079530704,-21.2265104739,1,2020,8.33283772524,505,183.829740094,5.62787246094
2024,21.5429302795,-21.6857140443,1,2024,8.09608723679,506,320.543667843,1.20907500693
2028,24.4734426031,-21.6503076372,1,2028,7.90913859102,507,287.668536581,0.376605708679
2032,20.822125746,-21.5990201727,1,2032,7.93042207384,508,6.22598791549,0.0402388388902
2036,23.1389114797,-21.2924814419,1,2036,7.93099869744,509,76.4599429346,8.11735502932
2040,25.5502494524,-21.5795252982,1,2040,8.29446739802,510,123.086358424,18.1746279453
2044,21.7519809287,-21.5639797284,1,2044,8.29038225726,511,14.7217782086,1.67229932417
2048,24.5051267636,-21.485500357,1,2048,7.89807291871,512,205.760036322,19.457743907
2052,22.438732673,-21.2715954387,1,2052,8.32064903115,513,22.1180000979,0.0925302973059
2056,25.0314017395,-21.5598654828,1,2056,8.34565620741,514,5.21627778609,0.280788382405
2060,24.4757054665,-21.4641101462,1,2060,8.09051831694,515,20.4000090978,3.91442990989
2064,20.1607717345,-21.4625226492,1,2064,8.03328735338,516,181.902528379,7.25222928688
2068,25.364717156,-21.4502064474,1,2068,8.31152161915,517,167.215635781,0.0387385266014
2072,21.0113529097,-21.4770712118,1,2072,8.19852215485,518,109.995470627,0.0163186770355
2076,25.2814046948,-21.2975175402,1,2076,7.96025540094,519,235.038987446,3.51965048968
2080,22.373915872,-21.6000518307,1,2080,8.00437827332,520,17.3120615905,0.0224147168301
2084,20.3144254823,-21.4477820727,1,2084,8.31077029154,521,44.0220630541,1.35929916965
2088,25.2955388376,-21.6344872479,1,2088,8.31217951341,522,335.297255602,0.0139705645775
2092,23.7959205117,-21.2643144626,1,2092,8.00006135078,523,128.685558459,0.854767742211
2096,21.7387595002,-21.4875156909,1,2096,8.29556954068,524,81.6311977826,0.227199077399
2100,25.2048897454,-21.2008979055,1,2100,8.15799354249,525,78.6675035332,3.91647614669
2104,21.5544840271,-21.3684767376,1,2104,8.19547991487,526,336.290752463,13.3124403819
2108,21.9758124336,-21.5979587744,1,2108,8.15192353932,527,166.386837797,0.538210679012
2112,23.3244149545,-21.2375946056,1,2112,8.209765692,528,198.265607365,2.36151475815
2116,23.6112418497,-21.5532019914,1,2116,7.89257831006,529,71.4045565978,0.0195711220763
2120,22.8229826653,-21.3807979567,1,2120,7.90236964162,530,82.2368842553,0.0848779512688
2124,24.749026325,-21.3174062799,1,2124,8.23501216648,531,217.951724081,0.059702340624
2128,23.2470670252,-21.6486378256,1,2128,7.97587585486,532,285.575242038,13.5567763821
2132,23.9740196081,-21.6079357133,1,2132,8.23696507548,533,190.856563258,0.0122090116211
2136,20.4719466011,-21.4866606416,1,2136,8.03263423676,534,1.23588819437,0.0653978384623
2140,25.4271057287,-21.5207129908,1,2140,7.91755185001,535,174.24436315,0.0511982681194
2144,20.4852861,-21.5417662561,1,2144,8.18072363283,536,143.039621546,22.2659004522
2148,24.1384447934,-21.5650073886,1,2148,8.03791247376,537,271.622840614,5.03869158265
2152,23.7063898506,-21.5197228593,1,2152,8.05141018366,538,293.379994712,0.244610014905
2156,21.5397210446,-21.2092096009,1,2156,8.37348384467,539,166.250048818,0.512405934137
2160,25.9984515794,-21.4707738772,1,2160,7.98746713649,540,147.718656344,0.0106300698036
2164,25.1557228673,-21.4710797846,1,2164,8.06368529816,541,232.978126394,0.987009530519
2168,22.8545711078,-21.5747477158,1,2168,7.94200857844,542,336.396241084,0.0773943584238
2172,25.9922738687,-21.6051579543,1,2172,8.09088960726,543,118.05562491,0.128654178148
2176,22.4205034771,-21.5712823593,1,2176,7.93642355555,544,218.648495606,0.0156836651708
2180,22.6095815557,-21.2571789142,1,2180,8.14242281746,545,286.902965714,0.144250717897
2184,24.1306803046,-21.2568960804,1,2184,8.2613023439,546,292.559817126,0.833873602898
2188,21.5848499603,-21.6145981106,1,2188,7.89264245791,547,95.7529825337,1.27993636003
2192,22.6467546186,-21.5016899608,1,2192,7.93508026528,548,183.267924029,0.0146648099521
2196,24.0309316181,-21.4097763156,1,2196,7.91808730963,549,128.619220596,0.34405367649
2200,21.4570688715,-21.4232571612,1,2200,8.33216297564,550,275.790050639,0.0654636112032
2204,22.67627378,-21.5993067568,1,2204,8.38278612696,551,243.95372378,0.710595761055
2208,20.5773862346,-21.669393303,1,2208,8.1504944453,552,327.646624816,22.1082855957
2212,25.6965116847,-21.3016852663,1,2212,7.98921028113,553,310.901052602,0.109748872181
2216,23.6821989928,-21.6350591851,1,2216,8.35667755668,554,82.1207527516,1.13736343058
2220,20.8413115096,-21.5012476294,1,2220,8.21729805793,555,210.776689896,0.0557317482828
2224,23.3370842349,-21.3188505036,1,2224,8.28590293836,556,36.5684309002,0.403543628096
2228,20.4453607577,-21.3573524531,1,2228,8.14560964345,557,299.455368298,0.16831271762
2232,22.6939061904,-21.495819496,1,2232,8.28410316568,558,113.744514777,0.316791515742
2236,25.010916117,-21.3003480346,1,2236,8.05739864821,559,296.69406257,0.0288365476614
2240,23.8799825472,-21.2033727398,1,2240,7.94662671416,560,293.871573843,0.0166584652692
2244,22.3864496125,-21.4599922927,1,2244,8.34237670825,561,134.613974912,1.97790142431
2248,23.8667699774,-21.2575214261,1,2248,7.89210895211,562,238.351982153,0.262705419197
2252,25.564935824,-21.4395608918,1,2252,7.92708983078,563,358.919429978,15.5038565715
2256,21.3607432828,-21.5058686514,1,2256,7.95612961525,564,194.500050797,0.761329091815
2260,25.3822106717,-21.2051821444,1,2260,8.36083323084,565,167.191980385,11.3725437521
2264,21.5300291505,-21.3146476396,1,2264,8.04140595582,566,264.777860606,29.6813620318
2268,23.7310161954,-21.6322794533,1,2268,7.99665635135,567,265.831835575,0.109974035111
2272,20.887300732,-21.4294594592,1,2272,8.01785297404,568,334.501668856,1.1028276365
2276,22.9626598189,-21.510384729,1,2276,7.93794075418,569,146.60633436,1.05934392097
2280,25.6866269795,-21.4522518339,1,2280,8.09089588768,570,238.819938499,0.270599606084
2284,22.704349485,-21.322163712,1,2284,8.25552442799,571,330.436037404,0.559487261217
2288,24.3706198412,-21.5312720482,1,2288,8.21410115172,572,207.294277048,0.19699094135
2292,22.8659855346,-21.3994533645,1,2292,8.01542281626,573,87.1964358727,0.0242402286066
2296,20.3405023452,-21.5808627494,1,2296,8.00432077118,574,2.01747236371,27.6030643177
2300,22.8824375097,-21.4784446043,1,2300,8.13790017083,575,254.62974222,1.36878351983
2304,21.5846149649,-21.2554008479,1,2304,8.3223861614,576,317.096567388,0.230351080404
2308,25.8300648235,-21.3315550134,1,2308,8.20702989093,577,216.900661056,0.113912059155
2312,24.7264220335,-21.5185534605,1,2312,8.26724631051,578,271.823548115,0.105318583234
2316,25.3054797662,-21.560942127,1,2316,8.10863247565,579,322.151600007,4.1179668833
2320,23.4727462204,-21.3985031127,1,2320,8.0901059372,580,113.554600316,0.0123897237521
2324,25.8741457026,-21.4624918252,1,2324,8.25145838872,581,6.12622537084,0.0106928169591
2328,25.3820902243,-21.2060605528,1,2328,8.07621978685,582,77.9750211963,7.8164815309
2332,22.7718982262,-21.551960865,1,2332,8.16629274392,583,191.561006656,0.293659888184
2336,23.5703830001,-21.2395965604,1,2336,7.93022807736,584,175.49466256,0.171709040659
2340,21.7790201654,-21.5827298492,1,2340,8.18713698278,585,104.234301401,0.149402676738
2344,22.5169034135,-21.2993211588,1,2344,8.03046167072,586,347.212615033,0.0440911055966
2348,20.2829759788,-21.2673118126,1,2348,8.26123557949,587,341.795768623,0.569200325722
2352,24.3554894167,-21.6052828616,1,2352,8.03974665193,588,38.099705088,19.4160135038
2356,22.0592966537,-21.4780681261,1,2356,8.26877378111,589,68.9194467282,0.69373068395
2360,22.6342270132,-21.344502278,1,2360,8.00317991418,590,261.932506857,0.0506140690791
2364,22.3868915947,-21.4938528366,1,2364,7.89230936426,591,53.2095641139,8.08470235695
2368,25.1746900828,-21.6463045761,1,2368,7.9599120482,592,312.764581852,1.48020414186
2372,21.6656858461,-21.3162243053,1,2372,8.03788227258,593,357.436785788,0.0193541299572
2376,23.6683530822,-21.4566331159,1,2376,7.98774970667,594,131.898881738,3.24252842828
2380,21.3147926984,-21.6077516421,1,2380,8.1644411028,595,76.0869916062,0.0160042736457
2384,21.8384877769,-21.6743467223,1,2384,7.99499060023,596,181.134901535,0.251671401327
2388,24.4064492783,-21.4396678026,1,2388,8.2792674391,597,338.89590858,1.05006699526
2392,23.1431367646,-21.5538485662,1,2392,8.13233931648,598,253.952817257,0.105391699193
2396,22.5139730262,-21.2932549695,1,2396,8.2097183419,599,63.8527402548,5.01209712928
2400,21.5810227801,-21.6212281716,1,2400,7.97384839995,600,335.996096261,0.0123654577935
2404,20.388570089,-21.6918046098,1,2404,8.35234163517,601,61.0137254345,0.0315510150034
2408,20.1927171533,-21.2461589326,1,2408,8.24867380392,602,48.8460690859,0.266872614556
2412,24.9455100041,-21.4913347262,1,2412,7.96711419323,603,213.982957286,16.1889295551
2416,24.1219946681,-21.2731707061,1,2416,8.25181620095,604,228.278565921,0.0414955607498
2420,24.5904105186,-21.4148523486,1,2420,7.98320557333,605,26.3277965922,0.0312446199626
2424,23.707865229,-21.2595545719,1,2424,8.30483297937,606,39.3169454536,0.0413156673363
2428,20.3408471408,-21.2304632163,1,2428,7.98841451874,607,75.6303813452,17.3090868286
2432,24.0611432258,-21.6578146793,1,2432,8.37061985746,608,153.229142101,1.56602457382
2436,20.9045826217,-21.5604650033,1,2436,8.16366139366,609,174.671889752,6.3306726664
2440,25.7902019239,-21.6084261244,1,2440,8.00143176965,610,269.428675989,0.139046433314
2444,25.7140306606,-21.2217156919,1,2444,7.99639400872,611,319.717206442,1.84400240894
2448,25.7803289632,-21.3521927718,1,2448,8.2039116277,612,100.560953715,20.6134232203
2452,22.6066059938,-21.2371476485,1,2452,8.20649868688,613,173.931724844,6.43013621406
2456,23.86710626,-21.2073706385,1,2456,8.04163839709,614,168.327684889,0.0525389508877
2460,20.4713102667,-21.3041083905,1,2460,8.29818575127,615,8.19610311168,0.0869303075907
2464,25.3234262757,-21.2627273367,1,2464,8.09949269277,616,100.480607256,8.9949454268
2468,24.3595933161,-21.2295996453,1,2468,8.29693181667,617,21.8730837925,0.132191402935
2472,21.9306322222,-21.3953205475,1,2472,8.02260502996,618,191.956396758,0.119827742376
2476,23.0437292366,-21.2900494622,1,2476,8.38160387394,619,134.167874392,7.16765042795
2480,21.1809776697,-21.2127606784,1,2480,8.32615629021,620,294.586255984,0.400128858602
2484,23.7776567062,-21.4642669644,1,2484,8.11426281847,621,279.283513158,0.148954028717
2488,25.9341800992,-21.5916385739,1,2488,8.0576883254,622,197.273672095,0.188786035958
2492,21.6394467013,-21.3673031034,1,2492,7.90485404409,623,298.998948431,0.0962482812748
2496,20.3346715239,-21.6721114358,1,2496,8.38535138641,624,123.401905507,9.74907748815
2500,20.5671815905,-21.5452869392,1,2500,8.23059916599,625,3.1706972033,5.71590157775
2504,22.9567754561,-21.5116188212,1,2504,7.9845752322,626,125.40067818,0.305766667924
2508,25.3108026926,-21.2975760325,1,2508,7.91250475064,627,237.068863051,1.52102523527
2512,20.3006968781,-21.6880135618,1,2512,7.89656651174,628,117.690750917,0.321927146638
2516,22.9891388428,-21.5391389009,1,2516,8.22091187027,629,327.173491419,0.358242461115
2520,22.5156252006,-21.5466664304,1,2520,7.94375282539,630,142.089375784,0.194615121451
2524,24.0925853623,-21.3687561741,1,2524,8.0449835981,631,278.750459967,1.44097019012
2528,23.7201704974,-21.2623378156,1,2528,8.04397496381,632,66.2436395015,0.141172430069
2532,23.6095333962,-21.4597625941,1,2532,7.94873613273,633,85.7709829814,0.0122227786835
2536,23.0606828635,-21.2778799298,1,2536,8.36357145468,634,52.6541922561,7.99693797043
2540,23.1388453093,-21.4889285973,1,2540,8.37869084894,635,246.883406524,0.517144657353
2544,20.575369904,-21.4488269716,1,2544,8.34223892746,636,268.46324159,1.19688328715
2548,22.7944088834,-21.5394521166,1,2548,8.28809029759,637,284.207515193,0.0416556915785
2552,21.6089731802,-21.6019380307,1,2552,7.9227519909,638,359.681526543,1.71026325335
2556,22.3196186008,-21.2547480185,1,2556,8.2485175802,639,177.259701924,0.0795849216165
2560,23.4597378823,-21.3988214219,1,2560,8.11795508788,640,244.461616694,0.0137544885545
2564,24.7063524219,-21.5658891495,1,2564,7.96574164648,641,155.883246089,0.0105552882491
2568,24.1579480122,-21.4306295407,1,2568,8.2133602796,642,88.2597120362,0.274991158086
2572,21.4593867227,-21.4975771284,1,2572,7.90461586024,643,237.470789727,0.121632826756
2576,25.2046177353,-21.6815765675,1,2576,8.26676022469,644,99.5546633249,0.0584717858683
2580,23.2955400673,-21.3520139675,1,2580,8.33469043338,645,245.847230781,19.7375041151
2584,20.9603748828,-21.2660430857,1,2584,7.8951920432,646,331.850841708,0.105286185311
2588,23.8182227354,-21.3956332997,1,2588,8.0537136254,647,244.105588264,0.0310945361535
2592,25.2798205976,-21.6260841437,1,2592,8.30430437212,648,48.155525932,4.04539217573
2596,23.5217263283,-21.4901885325,1,2596,7.94628768101,649,99.5849682169,3.06262173759
2600,25.0616868446,-21.5982223072,1,2600,7.90238812717,650,326.286250734,2.22029757754
2604,25.1215160875,-21.6148825947,1,2604,8.29716986051,651,261.557244461,2.15721807569
2608,25.1654172007,-21.5529523545,1,2608,8.01475469528,652,343.613857061,14.4439866215
2612,20.5094247543,-21.2522536091,1,2612,8.014486708,653,244.540183507,11.9087425049
2616,22.1434426039,-21.2784920553,1,2616,7.96910681747,654,169.659450509,0.540135439374
2620,21.2548897872,-21.303181361,1,2620,8.02802840216,655,76.1747541071,0.0821455181748
2624,25.9002222142,-21.2359652481,1,2624,8.10432752339,656,179.981496558,1.26844661971
2628,24.0312964562,-21.6460504245,1,2628,8.01923106039,657,45.7888615997,1.32618746645
2632,25.4594653412,-21.5905088189,1,2632,8.07347896301,658,334.147596969,0.277420047085
2636,23.3363536704,-21.6781572573,1,2636,8.06480451938,659,43.6633654141,9.93881937382
2640,21.5928601856,-21.6973604798,1,2640,8.05625574491,660,114.904806377,28.558219323
2644,20.6567628207,-21.3793962629,1,2644,8.04168356572,661,97.8529628553,0.011138071018
2648,22.7220142404,-21.4957330035,1,2648,8.04756038728,662,120.84079403,0.291353151679
2652,23.6724401426,-21.4169752008,1,2652,8.02521231152,663,68.5180557345,12.4926135681
2656,24.162190766,-21.2655217181,1,2656,8.34014964551,664,88.4686577946,4.01038906805
2660,25.8716145903,-21.5566894237,1,2660,8.3734886109,665,39.0455672453,0.0891509227314
2664,20.6315644329,-21.5776990573,1,2664,8.33834946072,666,324.123876207,0.0105904101994
2668,22.5316962427,-21.2893267361,1,2668,8.07665143107,667,53.5606703326,1.06131651919
2672,25.4853988794,-21.6874512171,1,2672,8.21421322541,668,61.2109708948,7.01281803189
2676,23.1299522056,-21.2370738806,1,2676,8.0456553988,669,224.028184927,4.17983736579
2680,24.0857012073,-21.5263490739,1,2680,8.29478334466,670,143.503626404,11.5679053609
2684,25.0920017918,-21.6832891728,1,2684,8.29238647038,671,274.504073957,0.0128676406151
2688,23.0492029822,-21.5915657549,1,2688,8.28720768336,672,194.918944095,0.0551191847818
2692,24.9554982716,-21.6595549135,1,2692,7.94572144865,673,37.8992439434,0.224541913879
2696,21.2940362959,-21.2776093716,1,2696,8.29579929441,674,72.1478901146,0.0333107091862
2700,24.2334858311,-21.6722290237,1,2700,8.27977645182,675,81.8602752813,0.0915401195619
2704,21.9950989954,-21.6728112012,1,2704,8.33267185387,676,74.4529952415,22.5549779004
2708,24.816941393,-21.3925124489,1,2708,8.05113635469,677,178.942095715,3.40326686086
2712,22.0902638203,-21.5945599831,1,2712,7.94345139622,678,106.138608793,21.6735889084
2716,24.1892539239,-21.5327242539,1,2716,7.97061707927,679,217.467342992,0.450805613833
2720,24.9559651962,-21.3068408725,1,2720,8.22639313527,680,265.220569585,0.0250308035325
2724,25.0511316389,-21.4872943089,1,2724,8.24707491709,681,91.4569020877,0.0533932371512
2728,21.4885556492,-21.3353181284,1,2728,8.00859661099,682,202.293502091,1.01596515176
2732,25.9727080773,-21.5590864737,1,2732,8.29285951174,683,323.802408499,0.0470424146363
2736,20.0256586612,-21.6343296932,1,2736,8.34946771016,684,21.9073231103,15.8012674027
2740,22.4415950269,-21.6659854457,1,2740,8.38231507081,685,10.9088798681,0.193782010182
2744,21.979896441,-21.2805619205,1,2744,8.38812115732,686,150.618050851,21.1864939589
2748,25.7257591137,-21.6388886999,1,2748,8.14795190044,687,99.2231704343,2.88510868742
2752,23.3930942933,-21.6607307969,1,2752,8.24004216876,688,87.3244784017,0.0142055902697
2756,24.4637642251,-21.6211686756,1,2756,7.92827097198,689,91.5918307039,13.8980845037
2760,22.1754145264,-21.4392666246,1,2760,8.34054712969,690,231.102603851,1.72557046375
2764,21.1153724566,-21.3557667496,1,2764,8.29691349979,691,21.2552752067,6.01408087079
2768,20.1596904021,-21.4529978736,1,2768,8.06922354385,692,188.473859202,14.2539207344
2772,20.7785157236,-21.3895888946,1,2772,8.3778555048,693,341.716983853,0.175685926764
2776,22.0590786479,-21.451398074,1,2776,8.0829868613,694,159.427257064,0.303179056487
2780,24.3651561172,-21.3277943982,1,2780,7.89812493031,695,46.1827595762,1.34073506789
2784,22.7761474262,-21.398232587,1,2784,7.89933743335,696,339.690437121,0.0100607526402
2788,24.206478909,-21.6120639696,1,2788,8.16195787364,697,192.712036885,5.26243762656
2792,23.4824510697,-21.5315953159,1,2792,8.11155576041,698,92.4083060637,18.994583889
2796,22.0457106455,-21.2027315547,1,2796,7.90303763303,699,73.2303143328,29.8223130853
2800,22.9233861247,-21.4755315872,1,2800,8.07413873641,700,95.6486227974,6.30195023785
2804,22.9816523749,-21.3611594007,1,2804,8.10008357818,701,126.191041335,5.95716922078
2808,21.0215531651,-21.6137681978,1,2808,8.09273159419,702,29.5361097621,1.56147640083
2812,23.0489150552,-21.3623935052,1,2812,8.38869882062,703,221.552286803,20.8437201768
2816,25.5430670212,-21.3510037004,1,2816,7.96833789726,704,274.400886124,0.12527501806
2820,23.6951306096,-21.6199068312,1,2820,8.10847965357,705,284.328570191,0.0371060592452
2824,24.982605586,-21.2297941916,1,2824,8.02506926211,706,264.377497464,22.0381558078
2828,25.7091689106,-21.5028481412,1,2828,8.37448355798,707,22.4068678069,0.0912895879173
2832,20.0281893554,-21.5269346729,1,2832,8.18490276528,708,196.737121319,0.0840972507926
2836,23.9655582626,-21.3610187024,1,2836,8.24214991785,709,13.5727389828,2.67617854701
2840,22.3057685578,-21.2398898895,1,2840,8.21496913626,710,319.775356672,0.0480771507067
2844,25.4234791473,-21.2808829897,1,2844,8.2677009133,711,175.027409991,0.121035471424
2848,23.6515514845,-21.4190712083,1,2848,8.33269327262,712,291.715848003,4.48057572398
2852,22.1908958708,-21.6727905403,1,2852,8.0165118626,713,109.527387379,1.99075204367
2856,20.7077685809,-21.4570688066,1,2856,8.00399575312,714,247.91643558,0.140345166306
2860,20.2996510592,-21.3896150496,1,2860,8.19132206336,715,330.732646631,0.0635921957419
2864,24.3042123522,-21.2811861284,1,2864,8.00776896732,716,121.784090225,27.2714274937
2868,25.6933783317,-21.5987955927,1,2868,8.25544208466,717,112.835642708,6.0364707535
2872,22.4002894119,-21.4671514561,1,2872,8.22198806388,718,213.577373888,0.627451211391
2876,21.6928983513,-21.3794348972,1,2876,8.00964541658,719,3.88934874508,0.365854202701
2880,20.4528781929,-21.3559214397,1,2880,7.98293322569,720,226.11293898,1.59743921961
2884,24.487370212,-21.6767654412,1,2884,8.04631227642,721,141.684271809,4.41927380013
2888,20.7163960645,-21.2620438934,1,2888,8.07320509516,722,358.006183611,1.86424809552
2892,23.3270516665,-21.643176061,1,2892,8.18495436551,723,14.4431453549,0.0459712420993
2896,23.2436018457,-21.2729426555,1,2896,8.26962712473,724,11.4673896949,0.358323954734
2900,21.639527886,-21.2681435373,1,2900,8.05116031681,725,236.577439281,1.25535236538
2904,25.204038481,-21.3935993958,1,2904,8.14106924692,726,53.3258905495,4.46840716647
2908,22.6482192719,-21.4294736654,1,2908,8.1819139647,727,247.414658843,0.187292533726
2912,22.758044928,-21.5251815134,1,2912,8.02313954883,728,174.808622337,7.41152148314
2916,24.889345711,-21.5056664145,1,2916,8.24692161846,729,124.071507278,0.139522231753
2920,24.835742638,-21.2392177992,1,2920,8.1186319751,730,170.339427258,0.166525685218
2924,22.4619059063,-21.3711085196,1,2924,8.21511606305,731,26.1297329416,0.0192568163494
2928,21.5960024926,-21.4675770747,1,2928,8.14133463808,732,88.0984064369,0.30252188249
2932,24.4202240873,-21.5206329314,1,2932,8.10569464602,733,186.514844475,0.0986600511466
2936,23.1757224553,-21.2025557621,1,2936,8.2488821749,734,269.492148689,5.46382781644
2940,24.2218537119,-21.2318563118,1,2940,7.89618145254,735,89.7680037348,11.6841006251
2944,25.785332141,-21.2379740209,1,2944,7.93010858961,736,171.153065873,1.79204277224
2948,24.5560478065,-21.2372383321,1,2948,8.17821078355,737,290.729687868,3.15089240488
2952,21.0943488509,-21.5216547371,1,2952,8.29695142755,738,347.738222445,6.59932008581
2956,22.7685089765,-21.2830609077,1,2956,8.17076219314,739,230.059899864,0.423304298904
2960,25.2470718984,-21.3558209292,1,2960,8.19178438883,740,211.956488695,0.619607253395
2964,21.5440103977,-21.2435402549,1,2964,8.0001670251,741,183.32040286,5.67005699896
2968,24.6880298491,-21.3322169277,1,2968,8.34977023731,742,152.349642617,0.0147083991018
2972,23.4406438464,-21.2834713412,1,2972,7.99275021461,743,255.753493816,0.0252779947463
2976,21.6933951184,-21.2997652445,1,2976,8.23425505862,744,55.8551678621,7.01082574593
2980,24.3192666928,-21.4107310725,1,2980,8.07765099286,745,322.06040049,2.68057800006
2984,20.5265438519,-21.3517270206,1,2984,7.99576490317,746,301.508715894,0.0342146776303
2988,21.5364542386,-21.6621228393,1,2988,8.30037302153,747,149.942864869,6.50088207892
2992,21.3795324552,-21.5077811837,1,2992,7.94735465518,748,303.699491812,5.57588429723
2996,21.3796262052,-21.2975646659,1,2996,8.27667020393,749,29.8441797036,7.66152098972
3000,21.6429424694,-21.6536181188,1,3000,8.13156310226,750,290.649536621,4.27255434461
3004,21.6661142,-21.534955601,1,3004,8.36485475395,751,248.383504453,0.0154677922907
3008,25.7831404657,-21.3868281458,1,3008,8.16485787273,752,76.9413992639,1.22119376555
3012,22.1520418776,-21.474929428,1,3012,8.15221308228,753,267.777674535,0.0263898587698
3016,22.002262972,-21.6638232357,1,3016,8.32678839431,754,122.968682999,0.338132159447
3020,24.4048735691,-21.6141945573,1,3020,8.21311485524,755,131.729637542,17.0966172636
3024,22.7727499275,-21.3669585249,1,3024,8.05462763594,756,50.6601863521,0.886599689728
3028,22.9601233464,-21.4259826409,1,3028,7.89523043317,757,308.964271898,0.421186314478
3032,24.9791306612,-21.4057576419,1,3032,7.95854768494,758,265.787101358,0.0119751192681
3036,20.813042102,-21.2462070608,1,3036,8.27546030934,759,52.5562126564,22.7389809766
3040,23.1136623257,-21.2335503342,1,3040,8.30652258587,760,237.771128409,0.92237671849
3044,20.2339039585,-21.5530187626,1,3044,8.22232036233,761,165.847044324,0.920941762198
3048,21.5215594164,-21.2575282911,1,3048,8.17776886732,762,165.748342856,0.437113771793
3052,21.4376613707,-21.4380602283,1,3052,8.34425011975,763,84.4532471215,12.3720365812
3056,22.2095253844,-21.3785491863,1,3056,8.24717804941,764,227.814577037,0.650798132911
3060,21.9812332332,-21.649465464,1,3060,8.13094236556,765,206.872718078,0.393123610181
3064,21.8898418492,-21.4992450151,1,3064,8.2436899487,766,226.393773429,0.332331782196
3068,25.9862737777,-21.2256069943,1,3068,8.2097091124,767,45.8827857801,1.49276746547
3072,23.459224127,-21.2303787839,1,3072,7.90246061366,768,122.694482198,0.773638598573
3076,22.2467060093,-21.4925311973,1,3076,8.29107637879,769,201.19845883,22.6669579784
3080,23.1426566146,-21.5769104603,1,3080,8.26316981663,770,213.458567569,0.249760577894
3084,25.5437799582,-21.2200471354,1,3084,8.08356239982,771,327.479143705,1.50835794222
3088,24.702887408,-21.4492342041,1,3088,8.1831606768,772,306.025713844,0.0144916941157
3092,22.8235417313,-21.2259617608,1,3092,8.00799788348,773,129.229588665,13.0958642896
3096,20.8918278468,-21.6823458002,1,3096,8.38435760135,774,24.2544961232,2.13826888836
3100,20.4382766178,-21.4029106997,1,3100,8.18439094582,775,200.084309125,0.0107174193901
3104,20.0138914122,-21.5590335794,1,3104,7.98952284715,776,137.452998483,1.00225067619
3108,25.4324736766,-21.6981193462,1,3108,8.38508908864,777,273.968703867,3.45825603351
3112,21.0051304109,-21.4558240977,1,3112,8.3165465841,778,154.328391122,0.209341395704
3116,24.4609206332,-21.2258591363,1,3116,8.06205561349,779,194.048531389,0.231883065989
3120,25.8713428,-21.4706388129,1,3120,8.21852017245,780,136.838055106,0.0218080467308
3124,23.499305313,-21.5932297133,1,3124,8.35653071649,781,315.792539343,0.0335303593647
3128,25.1230614432,-21.350560957,1,3128,8.16954640399,782,275.621641689,3.8537165616
3132,24.9296906071,-21.2621515531,1,3132,8.19857373064,783,325.688542628,1.17702242634
3136,25.6498860553,-21.3201246188,1,3136,8.12449367675,784,108.079593299,0.136832210457
3140,24.4270829046,-21.5749299931,1,3140,8.38741489701,785,271.365776888,0.02675505403
3144,22.4595147179,-21.310791564,1,3144,8.35691143174,786,27.0078619325,8.98924878198
3148,21.8478945814,-21.3111435436,1,3148,7.90412745327,787,95.3249345467,0.125029813431
3152,23.1650470332,-21.4698364445,1,3152,8.11419610262,788,185.485477113,0.0169287685575
3156,21.9424456828,-21.3225353864,1,3156,8.05999403392,789,348.723551308,0.284324308521
3160,25.6687964064,-21.6817180108,1,3160,7.96788250731,790,314.045981543,0.0880720412846
3164,20.5228118228,-21.597238772,1,3164,8.03782287359,791,282.95691892,0.10777628848
3168,21.1803517973,-21.5065007641,1,3168,8.24864969347,792,276.008996486,10.7789365146
3172,22.4194890838,-21.2364235549,1,3172,8.13355279026,793,20.8419784569,2.35750461373
3176,23.2975699039,-21.3520798149,1,3176,8.04414502988,794,169.160777512,0.18278410331
3180,23.5074341624,-21.3657033519,1,3180,8.34997434672,795,90.3973505506,0.0159725279375
3184,25.0464170921,-21.2884244232,1,3184,8.23789323417,796,334.673152124,0.823932220762
3188,21.7990971072,-21.3388617806,1,3188,8.02835954844,797,264.903688242,0.0913085971722
3192,24.8292334945,-21.668693418,1,3192,8.28637788544,798,190.00688531,9.27324852951
3196,21.843968969,-21.2539057831,1,3196,8.38931512627,799,209.890922203,0.234401301125
3200,21.7731686771,-21.3187730234,1,3200,8.24213416823,800,148.636827743,0.862139575079
3204,25.0570814287,-21.5922261426,1,3204,8.12741616759,801,286.256358358,0.262979242634
3208,20.8366597525,-21.4026055853,1,3208,8.28772648266,802,237.609962724,0.444670030822
3212,25.6119274664,-21.474061635,1,3212,8.15625285469,803,206.837721898,0.0103615163695
3216,24.1203147432,-21.6854819914,1,3216,8.17731677584,804,48.518157707,0.0221627615499
3220,23.3730378805,-21.2989096378,1,3220,8.37311525178,805,89.4759351166,1.31243899941
3224,21.7819662911,-21.5278095345,1,3224,8.36125264709,806,133.155059681,6.10986828817
3228,24.1212787466,-21.3860426752,1,3228,8.18451434047,807,125.518994611,9.34181227121
3232,25.0645474384,-21.2895434979,1,3232,8.0049245238,808,37.3593212322,8.38696992652
3236,24.154935757,-21.2346854432,1,3236,8.13767973771,809,343.733761554,0.110063682102
3240,24.9653390373,-21.4367227811,1,3240,8.10782713458,810,147.157679245,0.0194853410202
3244,23.5030787436,-21.4757956705,1,3244,8.05546805673,811,219.676872042,1.02542139787
3248,22.239957859,-21.6951263042,1,3248,8.19187567616,812,331.542628482,0.0335338030688
3252,22.8000367576,-21.6434754645,1,3252,7.93734216687,813,170.613128089,0.0476082699733
3256,22.3826391863,-21.3368438959,1,3256,7.947868046,814,113.531525758,1.23437429255
3260,24.005041912,-21.6085118101,1,3260,8.37485779632,815,348.296650292,0.638578284479
3264,25.8371175057,-21.4365649207,1,3264,8.36657278146,816,320.289973547,7.47922352668
3268,25.0742151311,-21.6168398376,1,3268,8.08000237655,817,281.969466451,0.369257797638
3272,21.2135728871,-21.303209303,1,3272,8.38379286497,818,316.344418499,0.309911586714
3276,22.9947994001,-21.5948573849,1,3276,8.24910966243,819,175.85648345,0.260344632917
3280,25.4576352864,-21.3146186252,1,3280,8.35211985636,820,313.409477613,0.267167024569
3284,25.9958720482,-21.4777315697,1,3284,8.05590287983,821,326.460663798,0.035181053038
3288,25.7271351633,-21.32532883,1,3288,8.31115293761,822,154.686417381,7.60356446851
3292,20.507821011,-21.520474661,1,3292,8.19246254207,823,72.7294953133,0.206935962625
3296,21.644153253,-21.2175225519,1,3296,8.31090679439,824,102.360033059,0.0421790175072
3300,24.3525489682,-21.4486554907,1,3300,7.93391778167,825,179.603106341,0.0313279117688
3304,20.0430429652,-21.4970091535,1,3304,8.06554211157,826,344.123478186,14.0549564688
3308,24.290060943,-21.4923492948,1,3308,8.10470017876,827,65.1700071713,11.1637767849
3312,20.1872071236,-21.5478952134,1,3312,8.29132574411,828,344.008317644,0.0764676767128
3316,21.0035705094,-21.3639681544,1,3316,8.01107194063,829,26.1950304742,1.89493082477
3320,24.272213753,-21.6131880132,1,3320,7.89192949629,830,341.765254452,12.7206212841
3324,25.6554171866,-21.6229489938,1,3324,8.08433100246,831,66.8996075172,0.330896410344
3328,20.2005895617,-21.2181504685,1,3328,8.35079626359,832,145.740884271,0.0167845580954
3332,20.3345826558,-21.5949352871,1,3332,7.96657054738,833,24.5674355289,13.0449187903
3336,23.442526038,-21.2946433264,1,3336,8.26485145723,834,147.640518171,7.91692436463
3340,23.3458181568,-21.6588645454,1,3340,8.36370850113,835,264.581568956,16.1821725742
3344,25.3321981996,-21.4027212998,1,3344,8.01536070265,836,126.039610223,2.16810256649
3348,25.2397049955,-21.6472708681,1,3348,7.96872070064,837,277.28481729,0.387444390943
3352,24.3845866319,-21.5197666295,1,3352,8.06151225345,838,161.976389028,0.743644490778
3356,24.0736581592,-21.533219844,1,3356,8.03610493769,839,262.019081125,18.2830074888
3360,24.8879563657,-21.3935952083,1,3360,8.02496416627,840,193.983037067,11.461002682
3364,25.0851808805,-21.6979871444,1,3364,8.12720166603,841,185.102854775,1.94115791994
3368,24.5283456377,-21.5618147895,1,3368,8.16972751512,842,331.034445519,22.3172940607
3372,21.2289397104,-21.3191742258,1,3372,7.8933124503,843,42.8279935382,8.67684649848
3376,23.4122268995,-21.3205904312,1,3376,8.31172294172,844,245.557538444,0.654896392561
3380,22.1609859661,-21.3051648734,1,3380,7.95801288162,845,224.925933072,0.264514748851
3384,23.7336223721,-21.4115569654,1,3384,8.27126714414,846,12.0977583494,2.16411573837
3388,25.8810685904,-21.3228699362,1,3388,7.93122298308,847,32.8795284108,0.247497757858
3392,24.7951159131,-21.4826075195,1,3392,8.27187462766,848,244.185130232,0.626728350171
3396,25.565498777,-21.5423384043,1,3396,8.07169702564,849,71.4785641787,0.0619264929025
3400,22.2450892563,-21.2941260898,1,3400,8.0108562208,850,149.423321792,0.890414290972
3404,23.5103425348,-21.5015366165,1,3404,8.26932658312,851,331.341267473,0.723651920388
3408,20.7908041025,-21.6335932792,1,3408,7.91770769869,852,143.955783819,11.454007781
3412,20.0026677101,-21.2223952932,1,3412,8.11447584826,853,357.62613517,4.08834923094
3416,24.2449554519,-21.6357138624,1,3416,8.34041332002,854,53.0578156751,0.0382309482053
3420,21.1578489896,-21.3166431246,1,3420,8.34354563091,855,216.447022595,5.53126722249
3424,25.4218593391,-21.5956219847,1,3424,8.12444104429,856,68.6026981726,0.050008996755
3428,21.9175804466,-21.2707946906,1,3428,8.30552046731,857,139.276895115,0.12200491141
3432,20.883200171,-21.3881334555,1,3432,8.22370354408,858,219.736756178,14.4474008639
3436,25.6563311609,-21.2280374136,1,3436,8.02085204811,859,100.384468707,1.26674689977
3440,21.1455365848,-21.398303561,1,3440,8.06874804164,860,237.899697533,2.69015222498
3444,25.3782411435,-21.2789232713,1,3444,8.35380988667,861,42.4267761209,0.0240658850977
3448,20.867134083,-21.452352857,1,3448,8.3305820842,862,208.158436162,24.3800270972
3452,22.6302373747,-21.2549005024,1,3452,8.36881361848,863,227.407352363,0.0256157483329
3456,25.1712702004,-21.4955565294,1,3456,8.00057545645,864,120.841378433,1.98540540397
3460,25.1238736322,-21.2358297433,1,3460,7.96542876335,865,29.8452657966,0.0102947918811
3464,24.2627707372,-21.3768295755,1,3464,7.95160967405,866,183.84591218,0.0881360332879
3468,25.4933707307,-21.2397798995,1,3468,8.12899518884,867,17.5611694716,0.539484024193
3472,24.7708624554,-21.6785554076,1,3472,8.01871135945,868,73.2712985758,0.041150661248
3476,24.8349089078,-21.517525556,1,3476,8.36325549193,869,6.64660727913,1.59693642175
3480,22.6603784051,-21.249207278,1,3480,8.13537699011,870,209.951827248,4.98982098114
3484,23.7554019565,-21.5661797779,1,3484,8.25029592595,871,211.518195491,8.05527094427
3488,25.593517188,-21.4275884667,1,3488,8.38822725186,872,79.885263078,29.0268800013
3492,20.9806102461,-21.4902392831,1,3492,8.10765897999,873,142.895720505,0.569562249474
3496,24.4944452165,-21.6950012068,1,3496,7.90073390278,874,356.940578716,0.0798756773512
3500,22.4324038959,-21.6793439993,1,3500,7.89755271946,875,290.929445639,0.247754838067
3504,23.4309645299,-21.4548726191,1,3504,8.12584697835,876,146.641506448,0.0666091489724
3508,20.5145545877,-21.5108556407,1,3508,8.20893199993,877,195.647922221,4.18389943125
3512,23.719796116,-21.256155978,1,3512,7.94277358105,878,136.040251962,0.0121616487943
3516,24.9229572656,-21.5364457238,1,3516,7.99953684463,879,191.449736328,13.6650280443
3520,22.8503990323,-21.6211446481,1,3520,8.25746249841,880,260.027822211,1.65240492269
3524,25.7970299441,-21.6401575635,1,3524,8.24662067594,881,329.639518241,3.01689000326
3528,23.459760441,-21.4943952356,1,3528,8.37019724242,882,61.7951678136,0.341852651818
3532,21.923931254,-21.2075931693,1,3532,8.25566082939,883,135.327108793,0.333310455613
3536,24.0764733811,-21.2512719627,1,3536,8.31002327973,884,280.641154715,0.0173166255865
3540,25.0617005555,-21.4324074532,1,3540,8.18714639099,885,302.099418087,1.55441635016
3544,24.5319817412,-21.4402542121,1,3544,8.23099413861,886,224.060451627,0.130468298524
3548,20.6071081312,-21.3894801206,1,3548,8.24540409931,887,182.91214907,0.160391074773
3552,21.97243457,-21.3284301405,1,3552,7.97780572055,888,28.0235312371,0.0716802735403
3556,25.30535812,-21.671965408,1,3556,8.08094421686,889,112.926300306,0.0466785314148
3560,25.292207171,-21.2309280747,1,3560,8.0893827289,890,188.724009135,0.241814521794
3564,20.3752364025,-21.2624607712,1,3564,8.08356920255,891,184.068330096,0.0890579084265
3568,21.042324928,-21.4661924326,1,3568,7.98328436138,892,137.974053032,23.2006205049
3572,22.1263650349,-21.5311421309,1,3572,8.10185316826,893,22.1529654612,7.96663724088
3576,21.1837146803,-21.4347832358,1,3576,8.25898997845,894,280.140050503,0.202553109481
3580,23.728051373,-21.448071929,1,3580,8.38506068326,895,46.121548652,0.0409694861629
3584,25.0146996301,-21.5411941311,1,3584,7.92441810356,896,95.1557218191,0.0263673568616
3588,20.194200018,-21.6376019481,1,3588,8.3162230367,897,283.445686505,0.0219084057253
3592,25.1755488206,-21.3372465219,1,3592,8.28240668686,898,39.2093829996,1.88890778477
3596,20.3852961281,-21.255001072,1,3596,8.12966673199,899,148.41481838,0.081186470102
3600,24.6796304183,-21.3749998034,1,3600,8.03877023474,900,289.444194317,0.0444217091215
3604,22.4406095714,-21.5548376364,1,3604,8.13165479156,901,349.396609358,0.374833494774
3608,22.6714071335,-21.4816456409,1,3608,8.08643724034,902,252.371560208,1.25540313203
3612,22.1343735901,-21.6061137556,1,3612,8.3398487128,903,4.84225935803,0.0678137699338
3616,22.3859275649,-21.2314502601,1,3616,8.03001825263,904,55.7734803906,0.978165183955
3620,25.2854859591,-21.5748936115,1,3620,7.93743885326,905,303.241247721,10.9327839413
3624,21.9696769323,-21.5230107382,1,3624,8.14207754411,906,105.940775303,29.6057671412
3628,24.0592087902,-21.3760752618,1,3628,7.97896073118,907,333.160668193,3.97590088563
3632,24.3721266334,-21.3316504511,1,3632,8.0057176594,908,330.909371483,0.292672556417
3636,21.9228356283,-21.4744070709,1,3636,8.23887644535,909,302.364201008,0.10369711426
3640,23.1226195498,-21.631199197,1,3640,8.33259540789,910,88.6537985882,0.0295078503288
3644,20.6593620106,-21.4950290144,1,3644,8.33820178785,911,190.092643711,0.324720759206
3648,24.7914858069,-21.2917290102,1,3648,8.2940459343,912,359.886343912,29.2073267839
3652,22.6713289843,-21.5601487202,1,3652,8.28351710586,913,109.023819217,0.226214760858
3656,23.20575177,-21.4957642423,1,3656,8.29613705507,914,356.894423083,16.9293435319
3660,20.7966345695,-21.5632963261,1,3660,8.05235116025,915,9.18334957854,3.25937274746
3664,24.314897483,-21.5149945171,1,3664,8.20040490186,916,92.5793498203,13.3311581899
3668,23.8958156492,-21.5322038479,1,3668,7.98080771539,917,47.9846996972,0.830868625116
3672,25.4169743872,-21.460796064,1,3672,8.31632332571,918,47.5368601269,0.0201443050588
3676,23.5320312521,-21.2854428645,1,3676,8.36891568675,919,206.260589631,0.149592240462
3680,25.9016606331,-21.2917823039,1,3680,8.01630843008,920,296.839279838,1.19447859965
3684,25.8159376171,-21.6136847881,1,3684,7.92471617073,921,119.313818364,0.0612939100816
3688,23.9590297192,-21.5814744153,1,3688,8.25473655277,922,54.1860749083,0.825142097217
3692,22.717555836,-21.5280547491,1,3692,8.3485275453,923,269.631359356,0.332550559392
3696,24.9162420121,-21.359798637,1,3696,8.31177836504,924,4.62633330019,2.26598538385
3700,24.2129481104,-21.3321618813,1,3700,7.89635826668,925,175.493453063,8.10107559716
3704,23.2306943999,-21.3321641872,1,3704,8.10544570504,926,27.7057867639,0.267083422507
3708,24.1240301621,-21.5919291041,1,3708,8.08770229787,927,32.8014181657,0.0273577027017
3712,25.4347634771,-21.5884605377,1,3712,8.10070850538,928,50.6841676953,0.166025115232
3716,23.4356101684,-21.2062247908,1,3716,7.96011875337,929,296.233528637,0.10433190673
3720,22.2504312325,-21.4059793548,1,3720,8.27061962175,930,322.555813747,0.0216824912052
3724,23.8552863556,-21.3190772138,1,3724,8.23623923944,931,345.315388031,0.478530731438
3728,23.577521111,-21.5974156152,1,3728,8.19624793236,932,58.2504477827,29.1352907859
3732,21.7494153997,-21.3905318735,1,3732,8.35445702429,933,7.14310265283,0.0909337122645
3736,25.406179754,-21.5532339067,1,3736,8.24833194055,934,342.425349219,29.968091774
3740,21.2399219958,-21.4573435153,1,3740,8.05158736011,935,53.2566102489,3.88428867787
3744,22.9533318216,-21.4781492979,1,3744,8.29802210264,936,199.226360847,0.0125064655746
3748,23.959407827,-21.270089954,1,3748,8.36389794061,937,36.7599261748,21.917862931
3752,24.9200702394,-21.5200920685,1,3752,7.97066755523,938,216.424361283,0.272170230142
3756,22.9916648798,-21.3305802318,1,3756,8.1544891423,939,97.3266217128,0.0427959480097
3760,23.7551012195,-21.5457997095,1,3760,8.27967254062,940,31.5454041245,0.121454935118
3764,20.5434625493,-21.3973084826,1,3764,8.06891349968,941,66.9437238137,0.037485214778
3768,20.2338710408,-21.2718786062,1,3768,8.07434696371,942,257.294408864,0.0243551310873
3772,21.3663985034,-21.5833480015,1,3772,8.24058571852,943,265.874469873,0.467269095606
3776,25.5662899563,-21.4910415282,1,3776,8.16634601323,944,169.903236558,9.18886230849
3780,21.5549701845,-21.2115152696,1,3780,8.20137592087,945,67.8789825554,0.380571370391
3784,20.95439664,-21.286475682,1,3784,7.99263074699,946,220.32444916,0.458809221229
3788,23.5278432901,-21.2583595059,1,3788,8.21166736335,947,321.304134865,4.35463069919
3792,20.8714290055,-21.3994128943,1,3792,8.13805897452,948,259.997298549,0.0650112279477
3796,21.4412377549,-21.5132315766,1,3796,8.21865236868,949,334.233245693,9.34492655194
3800,24.0519128454,-21.6289341172,1,3800,8.03650712815,950,355.656671855,0.125491277099
3804,20.0854084717,-21.2672904944,1,3804,7.96064213456,951,48.93835968,0.731171872052
3808,23.5664304682,-21.6425738371,1,3808,8.30831828816,952,157.383560941,2.72351159913
3812,21.2489821976,-21.2333340274,1,3812,7.94659499804,953,329.613709159,0.583849020262
3816,21.3314172117,-21.235411308,1,3816,7.94593671991,954,198.523378066,2.65924559833
3820,22.0751848043,-21.2252677288,1,3820,8.11945631987,955,88.8340418717,0.0382621996609
3824,20.93548647,-21.3102642086,1,3824,8.09738574603,956,195.205895396,4.58547154036
3828,25.6383127035,-21.3691592283,1,3828,8.36270990151,957,223.903986726,0.214396291599
3832,22.5636179666,-21.5063072501,1,3832,8.09637645984,958,300.616502721,27.7708676623
3836,21.616975137,-21.2841892336,1,3836,8.0531106238,959,329.108315259,11.0109839198
3840,23.5745243664,-21.4096176894,1,3840,8.05070380704,960,236.040349951,2.36075985546
3844,21.0661880212,-21.444040112,1,3844,8.01460188082,961,198.583014008,0.286699273245
3848,21.902035548,-21.6324474939,1,3848,8.25946316041,962,79.101609158,0.0536506484894
3852,24.9768280279,-21.6404574265,1,3852,7.90451852385,963,103.996423729,0.760791988635
3856,21.7185626502,-21.3627721096,1,3856,8.21417347688,964,313.189219447,0.028805101237
3860,20.9128541975,-21.630571784,1,3860,7.92251541682,965,85.736794967,0.502967274404
3864,21.2461283128,-21.3489108648,1,3864,8.01009614044,966,208.885800459,0.0168735329034
3868,24.5261579169,-21.4825174794,1,3868,7.9352226564,967,226.526333688,0.0435283229252
3872,21.0538246574,-21.6357668676,1,3872,8.27048278389,968,281.009366337,0.0828265718759
3876,24.5627266922,-21.419378215,1,3876,7.99766265115,969,180.632094029,0.0383689669512
3880,23.1948597144,-21.3046836548,1,3880,8.23027718494,970,17.7331937796,1.07046709615
3884,22.7071556999,-21.205006158,1,3884,8.12754884554,971,30.6452375788,6.13915127364
3888,20.3496379759,-21.576023997,1,3888,8.3554139775,972,298.180829771,0.584433704664
3892,25.2562892422,-21.5042940948,1,3892,7.96902435095,973,298.783216115,3.79602026609
3896,22.3045619343,-21.4577465617,1,3896,8.13062416362,974,30.7348408976,0.389768254318
3900,25.3894022062,-21.4565090422,1,3900,7.93553481592,975,162.449258529,0.564717917915
3904,25.3190981379,-21.5821098903,1,3904,7.97823196943,976,36.6405154976,0.178708236358
3908,24.8477954156,-21.5350973577,1,3908,7.92681337775,977,155.8100648,0.0304634521573
3912,25.2440116613,-21.6553404599,1,3912,8.06195027733,978,159.960325734,2.26435310461
3916,25.823585136,-21.4138814856,1,3916,8.22849589677,979,127.220591547,0.0375994551184
3920,22.7158725813,-21.2016900322,1,3920,8.02858308344,980,163.584483502,11.3050156009
3924,24.4249765659,-21.6378652475,1,3924,8.04523376891,981,287.906786756,0.0275133792848
3928,21.1338213561,-21.3398454473,1,3928,7.91723939959,982,7.43113574858,0.41172492123
3932,25.2118888836,-21.4362217818,1,3932,8.04129285545,983,304.566627497,0.125385255057
3936,20.7465667965,-21.5360856051,1,3936,8.31762043783,984,196.359132553,0.016093784166
3940,25.1514788048,-21.5334486934,1,3940,8.17397165303,985,69.2508816648,6.2712167945
3944,20.1443544872,-21.2068707884,1,3944,8.37503625463,986,179.168473526,0.0599534283533
3948,25.1353555269,-21.6457554648,1,3948,8.23596145377,987,220.672154819,0.228452679995
3952,24.6501453216,-21.4057269366,1,3952,7.956015697,988,187.845197344,15.42832256
3956,21.0027869661,-21.4314627197,1,3956,7.97018304298,989,211.868503957,0.0305917880658
3960,21.150398647,-21.2281665699,1,3960,8.08547605069,990,192.90179678,0.0814500410725
3964,24.8956607978,-21.5982887396,1,3964,7.97642140969,991,116.853443187,0.0492063832977
3968,22.9302822411,-21.6852079132,1,3968,7.90340644485,992,192.533925792,4.46911215697
3972,23.0602739222,-21.2570580439,1,3972,8.00438440524,993,227.148090552,10.8771672559
3976,22.265815849,-21.5375211543,1,3976,8.09095083954,994,230.741202237,2.06386324601
3980,23.98975258,-21.4951268878,1,3980,8.14788573498,995,65.0378762854,9.93261813672
3984,20.0624707147,-21.6400650707,1,3984,7.99507844426,996,67.2626694102,0.215798592526
3988,25.2096093432,-21.5869075925,1,3988,7.97255844179,997,27.074190035,0.11091575356
3992,24.5759627717,-21.587006472,1,3992,8.23496469647,998,134.184946681,0.611887773927
3996,21.2839632267,-21.3591724456,1,3996,7.93759284158,999,224.217730693,0.115060702308
